-- This script generate demo data for application on first start

-- Classrooms

INSERT INTO university.classrooms (classroom_id) VALUES (1);
INSERT INTO university.classrooms (classroom_id) VALUES (2);
INSERT INTO university.classrooms (classroom_id) VALUES (3);
INSERT INTO university.classrooms (classroom_id) VALUES (4);
INSERT INTO university.classrooms (classroom_id) VALUES (5);
INSERT INTO university.classrooms (classroom_id) VALUES (6);
INSERT INTO university.classrooms (classroom_id) VALUES (7);
INSERT INTO university.classrooms (classroom_id) VALUES (8);
INSERT INTO university.classrooms (classroom_id) VALUES (9);
INSERT INTO university.classrooms (classroom_id) VALUES (10);
INSERT INTO university.classrooms (classroom_id) VALUES (11);
INSERT INTO university.classrooms (classroom_id) VALUES (12);
INSERT INTO university.classrooms (classroom_id) VALUES (13);
INSERT INTO university.classrooms (classroom_id) VALUES (14);
INSERT INTO university.classrooms (classroom_id) VALUES (15);
INSERT INTO university.classrooms (classroom_id) VALUES (16);
INSERT INTO university.classrooms (classroom_id) VALUES (17);
INSERT INTO university.classrooms (classroom_id) VALUES (18);
INSERT INTO university.classrooms (classroom_id) VALUES (19);
INSERT INTO university.classrooms (classroom_id) VALUES (20);
INSERT INTO university.classrooms (classroom_id) VALUES (21);
INSERT INTO university.classrooms (classroom_id) VALUES (22);
INSERT INTO university.classrooms (classroom_id) VALUES (23);
INSERT INTO university.classrooms (classroom_id) VALUES (24);
INSERT INTO university.classrooms (classroom_id) VALUES (25);
INSERT INTO university.classrooms (classroom_id) VALUES (26);
INSERT INTO university.classrooms (classroom_id) VALUES (27);
INSERT INTO university.classrooms (classroom_id) VALUES (28);
INSERT INTO university.classrooms (classroom_id) VALUES (29);
INSERT INTO university.classrooms (classroom_id) VALUES (30);
INSERT INTO university.classrooms (classroom_id) VALUES (31);
INSERT INTO university.classrooms (classroom_id) VALUES (32);
INSERT INTO university.classrooms (classroom_id) VALUES (33);
INSERT INTO university.classrooms (classroom_id) VALUES (34);
INSERT INTO university.classrooms (classroom_id) VALUES (35);
INSERT INTO university.classrooms (classroom_id) VALUES (36);
INSERT INTO university.classrooms (classroom_id) VALUES (37);
INSERT INTO university.classrooms (classroom_id) VALUES (38);
INSERT INTO university.classrooms (classroom_id) VALUES (39);


--Courses

INSERT INTO university.courses (course_id, course_name, course_description) VALUES (1, 'Mathematics', 'understanding concepts methods theories practice fundamental creativity thinking');
INSERT INTO university.courses (course_id, course_name, course_description) VALUES (2, 'Physics', 'theories critical techniques principles principles');
INSERT INTO university.courses (course_id, course_name, course_description) VALUES (3, 'Biology', 'communication communication understanding knowledge collaboration knowledge');
INSERT INTO university.courses (course_id, course_name, course_description) VALUES (4, 'Chemistry', 'critical theories theories techniques concepts research');
INSERT INTO university.courses (course_id, course_name, course_description) VALUES (5, 'History', 'theories fundamental analysis collaboration critical thinking practice thinking');
INSERT INTO university.courses (course_id, course_name, course_description) VALUES (6, 'Geography', 'methods methods critical methods knowledge applications skills');
INSERT INTO university.courses (course_id, course_name, course_description) VALUES (7, 'Literature', 'fundamental analysis problem-solving practice understanding communication practice research analysis');
INSERT INTO university.courses (course_id, course_name, course_description) VALUES (8, 'Computer Science', 'understanding critical analysis techniques research techniques principles research');
INSERT INTO university.courses (course_id, course_name, course_description) VALUES (9, 'Physical Education', 'understanding creativity methods analysis methods thinking fundamental creativity');
INSERT INTO university.courses (course_id, course_name, course_description) VALUES (10, 'Economics', 'fundamental communication fundamental techniques thinking problem-solving problem-solving creativity');


-- Groups

INSERT INTO university.groups (group_id, group_name) VALUES (1, 'Z4');
INSERT INTO university.groups (group_id, group_name) VALUES (2, 'Z4');
INSERT INTO university.groups (group_id, group_name) VALUES (3, 'L3');
INSERT INTO university.groups (group_id, group_name) VALUES (4, 'S5');
INSERT INTO university.groups (group_id, group_name) VALUES (5, 'U8');

-- Users

INSERT INTO university.users (user_id, first_name, last_name, email, password) VALUES (1, 'Al', 'Rodriguez', 'woodrow.ernser@hotmail.com', 'awg5pxj9hd2n');
INSERT INTO university.users (user_id, first_name, last_name, email, password) VALUES (2, 'Shayne', 'Torp', 'daniella.cummings@hotmail.com', 'rmochm8ed4');
INSERT INTO university.users (user_id, first_name, last_name, email, password) VALUES (3, 'Jessica', 'Gleichner', 'michael.zulauf@yahoo.com', 'uhy2wsr40nvh1');
INSERT INTO university.users (user_id, first_name, last_name, email, password) VALUES (4, 'Cristal', 'Cummerata', 'chasity.hettinger@yahoo.com', 'g8tg2414qzlyy2');
INSERT INTO university.users (user_id, first_name, last_name, email, password) VALUES (5, 'Vicente', 'Dibbert', 'thalia.armstrong@hotmail.com', '3tmbvgkrqs8uc');
INSERT INTO university.users (user_id, first_name, last_name, email, password) VALUES (6, 'German', 'Franecki', 'mario.damore@hotmail.com', '4aou0vc8pf8oen9g');
INSERT INTO university.users (user_id, first_name, last_name, email, password) VALUES (7, 'Kiana', 'Boyer', 'cale.dibbert@hotmail.com', '2b6d0j7jln');
INSERT INTO university.users (user_id, first_name, last_name, email, password) VALUES (8, 'Jennifer', 'Barton', 'christopher.robel@gmail.com', 'w7o04d7k8md8');
INSERT INTO university.users (user_id, first_name, last_name, email, password) VALUES (9, 'Royce', 'Bradtke', 'keegan.schuster@gmail.com', 'nmoinlvcn4');
INSERT INTO university.users (user_id, first_name, last_name, email, password) VALUES (10, 'Elena', 'Dietrich', 'oren.bruen@gmail.com', 'l3iffyli5fqxo9ia');



-- Students

INSERT INTO university.students (user_id, group_id) VALUES (6, 3);
INSERT INTO university.students (user_id, group_id) VALUES (7, 5);
INSERT INTO university.students (user_id, group_id) VALUES (8, 5);
INSERT INTO university.students (user_id, group_id) VALUES (9, 5);
INSERT INTO university.students (user_id, group_id) VALUES (10, 5);


-- Teachers

INSERT INTO university.teachers (user_id, department) VALUES (1, NULL);
INSERT INTO university.teachers (user_id, department) VALUES (2, NULL);
INSERT INTO university.teachers (user_id, department) VALUES (3, NULL);
INSERT INTO university.teachers (user_id, department) VALUES (4, NULL);
INSERT INTO university.teachers (user_id, department) VALUES (5, NULL);


-- Teacher courses relation

INSERT INTO university.teachers_courses_relation (id, user_id, course_id) VALUES (1, 1, 6);
INSERT INTO university.teachers_courses_relation (id, user_id, course_id) VALUES (2, 1, 3);
INSERT INTO university.teachers_courses_relation (id, user_id, course_id) VALUES (3, 2, 8);
INSERT INTO university.teachers_courses_relation (id, user_id, course_id) VALUES (4, 3, 8);
INSERT INTO university.teachers_courses_relation (id, user_id, course_id) VALUES (5, 4, 1);
INSERT INTO university.teachers_courses_relation (id, user_id, course_id) VALUES (6, 4, 5);
INSERT INTO university.teachers_courses_relation (id, user_id, course_id) VALUES (7, 5, 6);
INSERT INTO university.teachers_courses_relation (id, user_id, course_id) VALUES (8, 5, 10);
INSERT INTO university.teachers_courses_relation (id, user_id, course_id) VALUES (9, 2, 2);
INSERT INTO university.teachers_courses_relation (id, user_id, course_id) VALUES (10, 4, 4);
INSERT INTO university.teachers_courses_relation (id, user_id, course_id) VALUES (11, 3, 7);
INSERT INTO university.teachers_courses_relation (id, user_id, course_id) VALUES (12, 5, 9);

-- Groups courses relation

INSERT INTO university.groups_courses_relation (id, group_id, course_id) VALUES (1, 1, 9);
INSERT INTO university.groups_courses_relation (id, group_id, course_id) VALUES (2, 1, 2);
INSERT INTO university.groups_courses_relation (id, group_id, course_id) VALUES (3, 1, 8);
INSERT INTO university.groups_courses_relation (id, group_id, course_id) VALUES (4, 1, 10);
INSERT INTO university.groups_courses_relation (id, group_id, course_id) VALUES (5, 2, 9);
INSERT INTO university.groups_courses_relation (id, group_id, course_id) VALUES (6, 2, 7);
INSERT INTO university.groups_courses_relation (id, group_id, course_id) VALUES (7, 2, 6);
INSERT INTO university.groups_courses_relation (id, group_id, course_id) VALUES (8, 3, 4);
INSERT INTO university.groups_courses_relation (id, group_id, course_id) VALUES (9, 3, 5);
INSERT INTO university.groups_courses_relation (id, group_id, course_id) VALUES (10, 3, 10);
INSERT INTO university.groups_courses_relation (id, group_id, course_id) VALUES (11, 4, 1);
INSERT INTO university.groups_courses_relation (id, group_id, course_id) VALUES (12, 4, 7);
INSERT INTO university.groups_courses_relation (id, group_id, course_id) VALUES (13, 4, 4);
INSERT INTO university.groups_courses_relation (id, group_id, course_id) VALUES (14, 4, 5);
INSERT INTO university.groups_courses_relation (id, group_id, course_id) VALUES (15, 5, 1);
INSERT INTO university.groups_courses_relation (id, group_id, course_id) VALUES (16, 5, 7);
INSERT INTO university.groups_courses_relation (id, group_id, course_id) VALUES (17, 5, 10);


-- Schedule

INSERT INTO university.schedule (id, user_id, course_id, group_id, classroom_id, lesson_start, lesson_end, lesson_description) VALUES (1, 3, 8, 1, 25, '2023-06-07 08:00:00', '2023-06-07 08:50:00', '-');
INSERT INTO university.schedule (id, user_id, course_id, group_id, classroom_id, lesson_start, lesson_end, lesson_description) VALUES (2, 5, 10, 1, 18, '2023-06-07 09:00:00', '2023-06-07 09:50:00', '-');
INSERT INTO university.schedule (id, user_id, course_id, group_id, classroom_id, lesson_start, lesson_end, lesson_description) VALUES (3, 5, 9, 1, 6, '2023-06-07 10:00:00', '2023-06-07 10:50:00', '-');
INSERT INTO university.schedule (id, user_id, course_id, group_id, classroom_id, lesson_start, lesson_end, lesson_description) VALUES (4, 5, 10, 1, 31, '2023-06-07 11:00:00', '2023-06-07 11:50:00', '-');
INSERT INTO university.schedule (id, user_id, course_id, group_id, classroom_id, lesson_start, lesson_end, lesson_description) VALUES (5, 2, 8, 1, 29, '2023-06-08 08:00:00', '2023-06-08 08:50:00', '-');
INSERT INTO university.schedule (id, user_id, course_id, group_id, classroom_id, lesson_start, lesson_end, lesson_description) VALUES (6, 2, 2, 1, 10, '2023-06-08 09:00:00', '2023-06-08 09:50:00', '-');
INSERT INTO university.schedule (id, user_id, course_id, group_id, classroom_id, lesson_start, lesson_end, lesson_description) VALUES (7, 2, 2, 1, 8, '2023-06-09 08:00:00', '2023-06-09 08:50:00', '-');
INSERT INTO university.schedule (id, user_id, course_id, group_id, classroom_id, lesson_start, lesson_end, lesson_description) VALUES (8, 2, 2, 1, 14, '2023-06-09 09:00:00', '2023-06-09 09:50:00', '-');
INSERT INTO university.schedule (id, user_id, course_id, group_id, classroom_id, lesson_start, lesson_end, lesson_description) VALUES (9, 5, 10, 1, 23, '2023-06-09 10:00:00', '2023-06-09 10:50:00', '-');
INSERT INTO university.schedule (id, user_id, course_id, group_id, classroom_id, lesson_start, lesson_end, lesson_description) VALUES (10, 3, 8, 1, 25, '2023-06-09 11:00:00', '2023-06-09 11:50:00', '-');
INSERT INTO university.schedule (id, user_id, course_id, group_id, classroom_id, lesson_start, lesson_end, lesson_description) VALUES (11, 2, 8, 1, 33, '2023-06-10 08:00:00', '2023-06-10 08:50:00', '-');
INSERT INTO university.schedule (id, user_id, course_id, group_id, classroom_id, lesson_start, lesson_end, lesson_description) VALUES (12, 5, 9, 1, 4, '2023-06-10 09:00:00', '2023-06-10 09:50:00', '-');
INSERT INTO university.schedule (id, user_id, course_id, group_id, classroom_id, lesson_start, lesson_end, lesson_description) VALUES (13, 2, 2, 1, 29, '2023-06-10 10:00:00', '2023-06-10 10:50:00', '-');
INSERT INTO university.schedule (id, user_id, course_id, group_id, classroom_id, lesson_start, lesson_end, lesson_description) VALUES (14, 5, 10, 1, 17, '2023-06-10 11:00:00', '2023-06-10 11:50:00', '-');
INSERT INTO university.schedule (id, user_id, course_id, group_id, classroom_id, lesson_start, lesson_end, lesson_description) VALUES (15, 5, 9, 1, 36, '2023-06-11 08:00:00', '2023-06-11 08:50:00', '-');
INSERT INTO university.schedule (id, user_id, course_id, group_id, classroom_id, lesson_start, lesson_end, lesson_description) VALUES (16, 5, 9, 1, 21, '2023-06-11 09:00:00', '2023-06-11 09:50:00', '-');
INSERT INTO university.schedule (id, user_id, course_id, group_id, classroom_id, lesson_start, lesson_end, lesson_description) VALUES (17, 3, 8, 1, 1, '2023-06-11 10:00:00', '2023-06-11 10:50:00', '-');
INSERT INTO university.schedule (id, user_id, course_id, group_id, classroom_id, lesson_start, lesson_end, lesson_description) VALUES (18, 2, 2, 1, 17, '2023-06-11 11:00:00', '2023-06-11 11:50:00', '-');
INSERT INTO university.schedule (id, user_id, course_id, group_id, classroom_id, lesson_start, lesson_end, lesson_description) VALUES (19, 5, 9, 1, 32, '2023-06-12 08:00:00', '2023-06-12 08:50:00', '-');
INSERT INTO university.schedule (id, user_id, course_id, group_id, classroom_id, lesson_start, lesson_end, lesson_description) VALUES (20, 5, 10, 1, 11, '2023-06-12 09:00:00', '2023-06-12 09:50:00', '-');
INSERT INTO university.schedule (id, user_id, course_id, group_id, classroom_id, lesson_start, lesson_end, lesson_description) VALUES (21, 3, 8, 1, 6, '2023-06-12 10:00:00', '2023-06-12 10:50:00', '-');
INSERT INTO university.schedule (id, user_id, course_id, group_id, classroom_id, lesson_start, lesson_end, lesson_description) VALUES (22, 2, 8, 1, 4, '2023-06-13 08:00:00', '2023-06-13 08:50:00', '-');
INSERT INTO university.schedule (id, user_id, course_id, group_id, classroom_id, lesson_start, lesson_end, lesson_description) VALUES (23, 5, 10, 1, 10, '2023-06-13 09:00:00', '2023-06-13 09:50:00', '-');
INSERT INTO university.schedule (id, user_id, course_id, group_id, classroom_id, lesson_start, lesson_end, lesson_description) VALUES (24, 5, 9, 1, 4, '2023-06-14 08:00:00', '2023-06-14 08:50:00', '-');
INSERT INTO university.schedule (id, user_id, course_id, group_id, classroom_id, lesson_start, lesson_end, lesson_description) VALUES (25, 5, 9, 1, 4, '2023-06-14 09:00:00', '2023-06-14 09:50:00', '-');
INSERT INTO university.schedule (id, user_id, course_id, group_id, classroom_id, lesson_start, lesson_end, lesson_description) VALUES (26, 5, 10, 1, 11, '2023-06-15 08:00:00', '2023-06-15 08:50:00', '-');
INSERT INTO university.schedule (id, user_id, course_id, group_id, classroom_id, lesson_start, lesson_end, lesson_description) VALUES (27, 2, 2, 1, 29, '2023-06-15 09:00:00', '2023-06-15 09:50:00', '-');
INSERT INTO university.schedule (id, user_id, course_id, group_id, classroom_id, lesson_start, lesson_end, lesson_description) VALUES (28, 5, 9, 1, 12, '2023-06-16 08:00:00', '2023-06-16 08:50:00', '-');
INSERT INTO university.schedule (id, user_id, course_id, group_id, classroom_id, lesson_start, lesson_end, lesson_description) VALUES (29, 5, 9, 1, 34, '2023-06-16 09:00:00', '2023-06-16 09:50:00', '-');
INSERT INTO university.schedule (id, user_id, course_id, group_id, classroom_id, lesson_start, lesson_end, lesson_description) VALUES (30, 2, 2, 1, 24, '2023-06-17 08:00:00', '2023-06-17 08:50:00', '-');
INSERT INTO university.schedule (id, user_id, course_id, group_id, classroom_id, lesson_start, lesson_end, lesson_description) VALUES (31, 3, 8, 1, 14, '2023-06-17 09:00:00', '2023-06-17 09:50:00', '-');
INSERT INTO university.schedule (id, user_id, course_id, group_id, classroom_id, lesson_start, lesson_end, lesson_description) VALUES (32, 2, 2, 1, 13, '2023-06-17 10:00:00', '2023-06-17 10:50:00', '-');
INSERT INTO university.schedule (id, user_id, course_id, group_id, classroom_id, lesson_start, lesson_end, lesson_description) VALUES (33, 5, 10, 1, 36, '2023-06-18 08:00:00', '2023-06-18 08:50:00', '-');
INSERT INTO university.schedule (id, user_id, course_id, group_id, classroom_id, lesson_start, lesson_end, lesson_description) VALUES (34, 5, 9, 1, 1, '2023-06-18 09:00:00', '2023-06-18 09:50:00', '-');
INSERT INTO university.schedule (id, user_id, course_id, group_id, classroom_id, lesson_start, lesson_end, lesson_description) VALUES (35, 5, 10, 1, 38, '2023-06-19 08:00:00', '2023-06-19 08:50:00', '-');
INSERT INTO university.schedule (id, user_id, course_id, group_id, classroom_id, lesson_start, lesson_end, lesson_description) VALUES (36, 5, 10, 1, 17, '2023-06-19 09:00:00', '2023-06-19 09:50:00', '-');
INSERT INTO university.schedule (id, user_id, course_id, group_id, classroom_id, lesson_start, lesson_end, lesson_description) VALUES (37, 5, 10, 1, 7, '2023-06-19 10:00:00', '2023-06-19 10:50:00', '-');
INSERT INTO university.schedule (id, user_id, course_id, group_id, classroom_id, lesson_start, lesson_end, lesson_description) VALUES (38, 2, 2, 1, 27, '2023-06-20 08:00:00', '2023-06-20 08:50:00', '-');
INSERT INTO university.schedule (id, user_id, course_id, group_id, classroom_id, lesson_start, lesson_end, lesson_description) VALUES (39, 2, 2, 1, 33, '2023-06-20 09:00:00', '2023-06-20 09:50:00', '-');
INSERT INTO university.schedule (id, user_id, course_id, group_id, classroom_id, lesson_start, lesson_end, lesson_description) VALUES (40, 2, 2, 1, 6, '2023-06-21 08:00:00', '2023-06-21 08:50:00', '-');
INSERT INTO university.schedule (id, user_id, course_id, group_id, classroom_id, lesson_start, lesson_end, lesson_description) VALUES (41, 2, 8, 1, 38, '2023-06-21 09:00:00', '2023-06-21 09:50:00', '-');
INSERT INTO university.schedule (id, user_id, course_id, group_id, classroom_id, lesson_start, lesson_end, lesson_description) VALUES (42, 2, 2, 1, 36, '2023-06-21 10:00:00', '2023-06-21 10:50:00', '-');
INSERT INTO university.schedule (id, user_id, course_id, group_id, classroom_id, lesson_start, lesson_end, lesson_description) VALUES (43, 5, 9, 1, 23, '2023-06-21 11:00:00', '2023-06-21 11:50:00', '-');
INSERT INTO university.schedule (id, user_id, course_id, group_id, classroom_id, lesson_start, lesson_end, lesson_description) VALUES (44, 5, 9, 1, 32, '2023-06-22 08:00:00', '2023-06-22 08:50:00', '-');
INSERT INTO university.schedule (id, user_id, course_id, group_id, classroom_id, lesson_start, lesson_end, lesson_description) VALUES (45, 2, 2, 1, 6, '2023-06-22 09:00:00', '2023-06-22 09:50:00', '-');
INSERT INTO university.schedule (id, user_id, course_id, group_id, classroom_id, lesson_start, lesson_end, lesson_description) VALUES (46, 5, 10, 1, 2, '2023-06-22 10:00:00', '2023-06-22 10:50:00', '-');
INSERT INTO university.schedule (id, user_id, course_id, group_id, classroom_id, lesson_start, lesson_end, lesson_description) VALUES (47, 2, 8, 1, 13, '2023-06-22 11:00:00', '2023-06-22 11:50:00', '-');
INSERT INTO university.schedule (id, user_id, course_id, group_id, classroom_id, lesson_start, lesson_end, lesson_description) VALUES (48, 5, 10, 1, 2, '2023-06-23 08:00:00', '2023-06-23 08:50:00', '-');
INSERT INTO university.schedule (id, user_id, course_id, group_id, classroom_id, lesson_start, lesson_end, lesson_description) VALUES (49, 2, 2, 1, 21, '2023-06-23 09:00:00', '2023-06-23 09:50:00', '-');
INSERT INTO university.schedule (id, user_id, course_id, group_id, classroom_id, lesson_start, lesson_end, lesson_description) VALUES (50, 5, 10, 1, 35, '2023-06-24 08:00:00', '2023-06-24 08:50:00', '-');
INSERT INTO university.schedule (id, user_id, course_id, group_id, classroom_id, lesson_start, lesson_end, lesson_description) VALUES (51, 2, 8, 1, 3, '2023-06-24 09:00:00', '2023-06-24 09:50:00', '-');
INSERT INTO university.schedule (id, user_id, course_id, group_id, classroom_id, lesson_start, lesson_end, lesson_description) VALUES (52, 2, 8, 1, 4, '2023-06-24 10:00:00', '2023-06-24 10:50:00', '-');
INSERT INTO university.schedule (id, user_id, course_id, group_id, classroom_id, lesson_start, lesson_end, lesson_description) VALUES (53, 2, 2, 1, 2, '2023-06-25 08:00:00', '2023-06-25 08:50:00', '-');
INSERT INTO university.schedule (id, user_id, course_id, group_id, classroom_id, lesson_start, lesson_end, lesson_description) VALUES (54, 5, 10, 1, 25, '2023-06-25 09:00:00', '2023-06-25 09:50:00', '-');
INSERT INTO university.schedule (id, user_id, course_id, group_id, classroom_id, lesson_start, lesson_end, lesson_description) VALUES (55, 5, 9, 1, 35, '2023-06-25 10:00:00', '2023-06-25 10:50:00', '-');
INSERT INTO university.schedule (id, user_id, course_id, group_id, classroom_id, lesson_start, lesson_end, lesson_description) VALUES (56, 5, 10, 1, 29, '2023-06-25 11:00:00', '2023-06-25 11:50:00', '-');
INSERT INTO university.schedule (id, user_id, course_id, group_id, classroom_id, lesson_start, lesson_end, lesson_description) VALUES (57, 3, 8, 1, 33, '2023-06-26 08:00:00', '2023-06-26 08:50:00', '-');
INSERT INTO university.schedule (id, user_id, course_id, group_id, classroom_id, lesson_start, lesson_end, lesson_description) VALUES (58, 3, 8, 1, 35, '2023-06-26 09:00:00', '2023-06-26 09:50:00', '-');
INSERT INTO university.schedule (id, user_id, course_id, group_id, classroom_id, lesson_start, lesson_end, lesson_description) VALUES (59, 3, 8, 1, 32, '2023-06-26 10:00:00', '2023-06-26 10:50:00', '-');
INSERT INTO university.schedule (id, user_id, course_id, group_id, classroom_id, lesson_start, lesson_end, lesson_description) VALUES (60, 5, 9, 1, 18, '2023-06-27 08:00:00', '2023-06-27 08:50:00', '-');
INSERT INTO university.schedule (id, user_id, course_id, group_id, classroom_id, lesson_start, lesson_end, lesson_description) VALUES (61, 2, 8, 1, 10, '2023-06-27 09:00:00', '2023-06-27 09:50:00', '-');
INSERT INTO university.schedule (id, user_id, course_id, group_id, classroom_id, lesson_start, lesson_end, lesson_description) VALUES (62, 5, 10, 1, 7, '2023-06-28 08:00:00', '2023-06-28 08:50:00', '-');
INSERT INTO university.schedule (id, user_id, course_id, group_id, classroom_id, lesson_start, lesson_end, lesson_description) VALUES (63, 3, 8, 1, 10, '2023-06-28 09:00:00', '2023-06-28 09:50:00', '-');
INSERT INTO university.schedule (id, user_id, course_id, group_id, classroom_id, lesson_start, lesson_end, lesson_description) VALUES (64, 5, 9, 1, 30, '2023-06-28 10:00:00', '2023-06-28 10:50:00', '-');
INSERT INTO university.schedule (id, user_id, course_id, group_id, classroom_id, lesson_start, lesson_end, lesson_description) VALUES (65, 5, 9, 1, 19, '2023-06-29 08:00:00', '2023-06-29 08:50:00', '-');
INSERT INTO university.schedule (id, user_id, course_id, group_id, classroom_id, lesson_start, lesson_end, lesson_description) VALUES (66, 5, 9, 1, 31, '2023-06-29 09:00:00', '2023-06-29 09:50:00', '-');
INSERT INTO university.schedule (id, user_id, course_id, group_id, classroom_id, lesson_start, lesson_end, lesson_description) VALUES (67, 5, 9, 1, 17, '2023-06-29 10:00:00', '2023-06-29 10:50:00', '-');
INSERT INTO university.schedule (id, user_id, course_id, group_id, classroom_id, lesson_start, lesson_end, lesson_description) VALUES (68, 5, 9, 1, 18, '2023-06-30 08:00:00', '2023-06-30 08:50:00', '-');
INSERT INTO university.schedule (id, user_id, course_id, group_id, classroom_id, lesson_start, lesson_end, lesson_description) VALUES (69, 5, 9, 1, 13, '2023-06-30 09:00:00', '2023-06-30 09:50:00', '-');
INSERT INTO university.schedule (id, user_id, course_id, group_id, classroom_id, lesson_start, lesson_end, lesson_description) VALUES (70, 2, 8, 1, 36, '2023-07-01 08:00:00', '2023-07-01 08:50:00', '-');
INSERT INTO university.schedule (id, user_id, course_id, group_id, classroom_id, lesson_start, lesson_end, lesson_description) VALUES (71, 5, 9, 1, 23, '2023-07-01 09:00:00', '2023-07-01 09:50:00', '-');
INSERT INTO university.schedule (id, user_id, course_id, group_id, classroom_id, lesson_start, lesson_end, lesson_description) VALUES (72, 5, 9, 1, 24, '2023-07-01 10:00:00', '2023-07-01 10:50:00', '-');
INSERT INTO university.schedule (id, user_id, course_id, group_id, classroom_id, lesson_start, lesson_end, lesson_description) VALUES (73, 5, 9, 1, 7, '2023-07-02 08:00:00', '2023-07-02 08:50:00', '-');
INSERT INTO university.schedule (id, user_id, course_id, group_id, classroom_id, lesson_start, lesson_end, lesson_description) VALUES (74, 2, 2, 1, 16, '2023-07-02 09:00:00', '2023-07-02 09:50:00', '-');
INSERT INTO university.schedule (id, user_id, course_id, group_id, classroom_id, lesson_start, lesson_end, lesson_description) VALUES (75, 5, 9, 1, 22, '2023-07-02 10:00:00', '2023-07-02 10:50:00', '-');
INSERT INTO university.schedule (id, user_id, course_id, group_id, classroom_id, lesson_start, lesson_end, lesson_description) VALUES (76, 2, 2, 1, 13, '2023-07-02 11:00:00', '2023-07-02 11:50:00', '-');
INSERT INTO university.schedule (id, user_id, course_id, group_id, classroom_id, lesson_start, lesson_end, lesson_description) VALUES (77, 5, 9, 1, 9, '2023-07-03 08:00:00', '2023-07-03 08:50:00', '-');
INSERT INTO university.schedule (id, user_id, course_id, group_id, classroom_id, lesson_start, lesson_end, lesson_description) VALUES (78, 3, 8, 1, 22, '2023-07-03 09:00:00', '2023-07-03 09:50:00', '-');
INSERT INTO university.schedule (id, user_id, course_id, group_id, classroom_id, lesson_start, lesson_end, lesson_description) VALUES (79, 5, 10, 1, 19, '2023-07-03 10:00:00', '2023-07-03 10:50:00', '-');
INSERT INTO university.schedule (id, user_id, course_id, group_id, classroom_id, lesson_start, lesson_end, lesson_description) VALUES (80, 3, 8, 1, 26, '2023-07-03 11:00:00', '2023-07-03 11:50:00', '-');
INSERT INTO university.schedule (id, user_id, course_id, group_id, classroom_id, lesson_start, lesson_end, lesson_description) VALUES (81, 5, 10, 1, 14, '2023-07-04 08:00:00', '2023-07-04 08:50:00', '-');
INSERT INTO university.schedule (id, user_id, course_id, group_id, classroom_id, lesson_start, lesson_end, lesson_description) VALUES (82, 2, 2, 1, 21, '2023-07-04 09:00:00', '2023-07-04 09:50:00', '-');
INSERT INTO university.schedule (id, user_id, course_id, group_id, classroom_id, lesson_start, lesson_end, lesson_description) VALUES (83, 2, 2, 1, 6, '2023-07-04 10:00:00', '2023-07-04 10:50:00', '-');
INSERT INTO university.schedule (id, user_id, course_id, group_id, classroom_id, lesson_start, lesson_end, lesson_description) VALUES (84, 2, 2, 1, 25, '2023-07-04 11:00:00', '2023-07-04 11:50:00', '-');
INSERT INTO university.schedule (id, user_id, course_id, group_id, classroom_id, lesson_start, lesson_end, lesson_description) VALUES (85, 5, 10, 1, 1, '2023-07-05 08:00:00', '2023-07-05 08:50:00', '-');
INSERT INTO university.schedule (id, user_id, course_id, group_id, classroom_id, lesson_start, lesson_end, lesson_description) VALUES (86, 2, 2, 1, 24, '2023-07-05 09:00:00', '2023-07-05 09:50:00', '-');
INSERT INTO university.schedule (id, user_id, course_id, group_id, classroom_id, lesson_start, lesson_end, lesson_description) VALUES (87, 5, 10, 1, 6, '2023-07-05 10:00:00', '2023-07-05 10:50:00', '-');
INSERT INTO university.schedule (id, user_id, course_id, group_id, classroom_id, lesson_start, lesson_end, lesson_description) VALUES (88, 2, 2, 1, 35, '2023-07-06 08:00:00', '2023-07-06 08:50:00', '-');
INSERT INTO university.schedule (id, user_id, course_id, group_id, classroom_id, lesson_start, lesson_end, lesson_description) VALUES (89, 5, 9, 1, 23, '2023-07-06 09:00:00', '2023-07-06 09:50:00', '-');
INSERT INTO university.schedule (id, user_id, course_id, group_id, classroom_id, lesson_start, lesson_end, lesson_description) VALUES (90, 5, 9, 1, 28, '2023-07-06 10:00:00', '2023-07-06 10:50:00', '-');
INSERT INTO university.schedule (id, user_id, course_id, group_id, classroom_id, lesson_start, lesson_end, lesson_description) VALUES (91, 5, 10, 1, 5, '2023-07-07 08:00:00', '2023-07-07 08:50:00', '-');
INSERT INTO university.schedule (id, user_id, course_id, group_id, classroom_id, lesson_start, lesson_end, lesson_description) VALUES (92, 2, 8, 1, 39, '2023-07-07 09:00:00', '2023-07-07 09:50:00', '-');
INSERT INTO university.schedule (id, user_id, course_id, group_id, classroom_id, lesson_start, lesson_end, lesson_description) VALUES (93, 5, 9, 1, 10, '2023-07-07 10:00:00', '2023-07-07 10:50:00', '-');
INSERT INTO university.schedule (id, user_id, course_id, group_id, classroom_id, lesson_start, lesson_end, lesson_description) VALUES (94, 5, 10, 1, 3, '2023-07-07 11:00:00', '2023-07-07 11:50:00', '-');
INSERT INTO university.schedule (id, user_id, course_id, group_id, classroom_id, lesson_start, lesson_end, lesson_description) VALUES (95, 5, 9, 2, 30, '2023-06-07 08:00:00', '2023-06-07 08:50:00', '-');
INSERT INTO university.schedule (id, user_id, course_id, group_id, classroom_id, lesson_start, lesson_end, lesson_description) VALUES (96, 3, 7, 2, 22, '2023-06-07 09:00:00', '2023-06-07 09:50:00', '-');
INSERT INTO university.schedule (id, user_id, course_id, group_id, classroom_id, lesson_start, lesson_end, lesson_description) VALUES (97, 1, 6, 2, 10, '2023-06-08 08:00:00', '2023-06-08 08:50:00', '-');
INSERT INTO university.schedule (id, user_id, course_id, group_id, classroom_id, lesson_start, lesson_end, lesson_description) VALUES (98, 3, 7, 2, 7, '2023-06-08 09:00:00', '2023-06-08 09:50:00', '-');
INSERT INTO university.schedule (id, user_id, course_id, group_id, classroom_id, lesson_start, lesson_end, lesson_description) VALUES (99, 3, 7, 2, 31, '2023-06-08 10:00:00', '2023-06-08 10:50:00', '-');
INSERT INTO university.schedule (id, user_id, course_id, group_id, classroom_id, lesson_start, lesson_end, lesson_description) VALUES (100, 5, 9, 2, 13, '2023-06-09 08:00:00', '2023-06-09 08:50:00', '-');
INSERT INTO university.schedule (id, user_id, course_id, group_id, classroom_id, lesson_start, lesson_end, lesson_description) VALUES (101, 5, 6, 2, 37, '2023-06-09 09:00:00', '2023-06-09 09:50:00', '-');
INSERT INTO university.schedule (id, user_id, course_id, group_id, classroom_id, lesson_start, lesson_end, lesson_description) VALUES (102, 3, 7, 2, 3, '2023-06-09 10:00:00', '2023-06-09 10:50:00', '-');
INSERT INTO university.schedule (id, user_id, course_id, group_id, classroom_id, lesson_start, lesson_end, lesson_description) VALUES (103, 1, 6, 2, 22, '2023-06-10 08:00:00', '2023-06-10 08:50:00', '-');
INSERT INTO university.schedule (id, user_id, course_id, group_id, classroom_id, lesson_start, lesson_end, lesson_description) VALUES (104, 5, 6, 2, 11, '2023-06-10 09:00:00', '2023-06-10 09:50:00', '-');
INSERT INTO university.schedule (id, user_id, course_id, group_id, classroom_id, lesson_start, lesson_end, lesson_description) VALUES (105, 5, 9, 2, 14, '2023-06-10 10:00:00', '2023-06-10 10:50:00', '-');
INSERT INTO university.schedule (id, user_id, course_id, group_id, classroom_id, lesson_start, lesson_end, lesson_description) VALUES (106, 3, 7, 2, 23, '2023-06-10 11:00:00', '2023-06-10 11:50:00', '-');
INSERT INTO university.schedule (id, user_id, course_id, group_id, classroom_id, lesson_start, lesson_end, lesson_description) VALUES (107, 5, 6, 2, 39, '2023-06-11 08:00:00', '2023-06-11 08:50:00', '-');
INSERT INTO university.schedule (id, user_id, course_id, group_id, classroom_id, lesson_start, lesson_end, lesson_description) VALUES (108, 5, 9, 2, 5, '2023-06-11 09:00:00', '2023-06-11 09:50:00', '-');
INSERT INTO university.schedule (id, user_id, course_id, group_id, classroom_id, lesson_start, lesson_end, lesson_description) VALUES (109, 3, 7, 2, 35, '2023-06-11 10:00:00', '2023-06-11 10:50:00', '-');
INSERT INTO university.schedule (id, user_id, course_id, group_id, classroom_id, lesson_start, lesson_end, lesson_description) VALUES (110, 5, 9, 2, 24, '2023-06-11 11:00:00', '2023-06-11 11:50:00', '-');
INSERT INTO university.schedule (id, user_id, course_id, group_id, classroom_id, lesson_start, lesson_end, lesson_description) VALUES (111, 5, 9, 2, 16, '2023-06-12 08:00:00', '2023-06-12 08:50:00', '-');
INSERT INTO university.schedule (id, user_id, course_id, group_id, classroom_id, lesson_start, lesson_end, lesson_description) VALUES (112, 5, 6, 2, 20, '2023-06-12 09:00:00', '2023-06-12 09:50:00', '-');
INSERT INTO university.schedule (id, user_id, course_id, group_id, classroom_id, lesson_start, lesson_end, lesson_description) VALUES (113, 3, 7, 2, 1, '2023-06-13 08:00:00', '2023-06-13 08:50:00', '-');
INSERT INTO university.schedule (id, user_id, course_id, group_id, classroom_id, lesson_start, lesson_end, lesson_description) VALUES (114, 3, 7, 2, 1, '2023-06-13 09:00:00', '2023-06-13 09:50:00', '-');
INSERT INTO university.schedule (id, user_id, course_id, group_id, classroom_id, lesson_start, lesson_end, lesson_description) VALUES (115, 1, 6, 2, 3, '2023-06-13 10:00:00', '2023-06-13 10:50:00', '-');
INSERT INTO university.schedule (id, user_id, course_id, group_id, classroom_id, lesson_start, lesson_end, lesson_description) VALUES (116, 5, 6, 2, 24, '2023-06-14 08:00:00', '2023-06-14 08:50:00', '-');
INSERT INTO university.schedule (id, user_id, course_id, group_id, classroom_id, lesson_start, lesson_end, lesson_description) VALUES (117, 3, 7, 2, 25, '2023-06-14 09:00:00', '2023-06-14 09:50:00', '-');
INSERT INTO university.schedule (id, user_id, course_id, group_id, classroom_id, lesson_start, lesson_end, lesson_description) VALUES (118, 3, 7, 2, 27, '2023-06-15 08:00:00', '2023-06-15 08:50:00', '-');
INSERT INTO university.schedule (id, user_id, course_id, group_id, classroom_id, lesson_start, lesson_end, lesson_description) VALUES (119, 5, 9, 2, 39, '2023-06-15 09:00:00', '2023-06-15 09:50:00', '-');
INSERT INTO university.schedule (id, user_id, course_id, group_id, classroom_id, lesson_start, lesson_end, lesson_description) VALUES (120, 3, 7, 2, 32, '2023-06-16 08:00:00', '2023-06-16 08:50:00', '-');
INSERT INTO university.schedule (id, user_id, course_id, group_id, classroom_id, lesson_start, lesson_end, lesson_description) VALUES (121, 5, 6, 2, 20, '2023-06-16 09:00:00', '2023-06-16 09:50:00', '-');
INSERT INTO university.schedule (id, user_id, course_id, group_id, classroom_id, lesson_start, lesson_end, lesson_description) VALUES (122, 5, 9, 2, 1, '2023-06-17 08:00:00', '2023-06-17 08:50:00', '-');
INSERT INTO university.schedule (id, user_id, course_id, group_id, classroom_id, lesson_start, lesson_end, lesson_description) VALUES (123, 5, 9, 2, 13, '2023-06-17 09:00:00', '2023-06-17 09:50:00', '-');
INSERT INTO university.schedule (id, user_id, course_id, group_id, classroom_id, lesson_start, lesson_end, lesson_description) VALUES (124, 3, 7, 2, 23, '2023-06-17 10:00:00', '2023-06-17 10:50:00', '-');
INSERT INTO university.schedule (id, user_id, course_id, group_id, classroom_id, lesson_start, lesson_end, lesson_description) VALUES (125, 5, 9, 2, 10, '2023-06-17 11:00:00', '2023-06-17 11:50:00', '-');
INSERT INTO university.schedule (id, user_id, course_id, group_id, classroom_id, lesson_start, lesson_end, lesson_description) VALUES (126, 3, 7, 2, 31, '2023-06-18 08:00:00', '2023-06-18 08:50:00', '-');
INSERT INTO university.schedule (id, user_id, course_id, group_id, classroom_id, lesson_start, lesson_end, lesson_description) VALUES (127, 3, 7, 2, 8, '2023-06-18 09:00:00', '2023-06-18 09:50:00', '-');
INSERT INTO university.schedule (id, user_id, course_id, group_id, classroom_id, lesson_start, lesson_end, lesson_description) VALUES (128, 5, 9, 2, 16, '2023-06-19 08:00:00', '2023-06-19 08:50:00', '-');
INSERT INTO university.schedule (id, user_id, course_id, group_id, classroom_id, lesson_start, lesson_end, lesson_description) VALUES (129, 3, 7, 2, 35, '2023-06-19 09:00:00', '2023-06-19 09:50:00', '-');
INSERT INTO university.schedule (id, user_id, course_id, group_id, classroom_id, lesson_start, lesson_end, lesson_description) VALUES (130, 5, 9, 2, 31, '2023-06-20 08:00:00', '2023-06-20 08:50:00', '-');
INSERT INTO university.schedule (id, user_id, course_id, group_id, classroom_id, lesson_start, lesson_end, lesson_description) VALUES (131, 5, 6, 2, 26, '2023-06-20 09:00:00', '2023-06-20 09:50:00', '-');
INSERT INTO university.schedule (id, user_id, course_id, group_id, classroom_id, lesson_start, lesson_end, lesson_description) VALUES (132, 5, 9, 2, 2, '2023-06-21 08:00:00', '2023-06-21 08:50:00', '-');
INSERT INTO university.schedule (id, user_id, course_id, group_id, classroom_id, lesson_start, lesson_end, lesson_description) VALUES (133, 3, 7, 2, 21, '2023-06-21 09:00:00', '2023-06-21 09:50:00', '-');
INSERT INTO university.schedule (id, user_id, course_id, group_id, classroom_id, lesson_start, lesson_end, lesson_description) VALUES (134, 3, 7, 2, 22, '2023-06-21 10:00:00', '2023-06-21 10:50:00', '-');
INSERT INTO university.schedule (id, user_id, course_id, group_id, classroom_id, lesson_start, lesson_end, lesson_description) VALUES (135, 5, 6, 2, 31, '2023-06-21 11:00:00', '2023-06-21 11:50:00', '-');
INSERT INTO university.schedule (id, user_id, course_id, group_id, classroom_id, lesson_start, lesson_end, lesson_description) VALUES (136, 3, 7, 2, 25, '2023-06-22 08:00:00', '2023-06-22 08:50:00', '-');
INSERT INTO university.schedule (id, user_id, course_id, group_id, classroom_id, lesson_start, lesson_end, lesson_description) VALUES (137, 3, 7, 2, 13, '2023-06-22 09:00:00', '2023-06-22 09:50:00', '-');
INSERT INTO university.schedule (id, user_id, course_id, group_id, classroom_id, lesson_start, lesson_end, lesson_description) VALUES (138, 5, 9, 2, 5, '2023-06-22 10:00:00', '2023-06-22 10:50:00', '-');
INSERT INTO university.schedule (id, user_id, course_id, group_id, classroom_id, lesson_start, lesson_end, lesson_description) VALUES (139, 5, 9, 2, 4, '2023-06-23 08:00:00', '2023-06-23 08:50:00', '-');
INSERT INTO university.schedule (id, user_id, course_id, group_id, classroom_id, lesson_start, lesson_end, lesson_description) VALUES (140, 5, 9, 2, 35, '2023-06-23 09:00:00', '2023-06-23 09:50:00', '-');
INSERT INTO university.schedule (id, user_id, course_id, group_id, classroom_id, lesson_start, lesson_end, lesson_description) VALUES (141, 1, 6, 2, 34, '2023-06-23 10:00:00', '2023-06-23 10:50:00', '-');
INSERT INTO university.schedule (id, user_id, course_id, group_id, classroom_id, lesson_start, lesson_end, lesson_description) VALUES (142, 1, 6, 2, 31, '2023-06-24 08:00:00', '2023-06-24 08:50:00', '-');
INSERT INTO university.schedule (id, user_id, course_id, group_id, classroom_id, lesson_start, lesson_end, lesson_description) VALUES (143, 5, 9, 2, 31, '2023-06-24 09:00:00', '2023-06-24 09:50:00', '-');
INSERT INTO university.schedule (id, user_id, course_id, group_id, classroom_id, lesson_start, lesson_end, lesson_description) VALUES (144, 5, 9, 2, 19, '2023-06-24 10:00:00', '2023-06-24 10:50:00', '-');
INSERT INTO university.schedule (id, user_id, course_id, group_id, classroom_id, lesson_start, lesson_end, lesson_description) VALUES (145, 5, 6, 2, 1, '2023-06-25 08:00:00', '2023-06-25 08:50:00', '-');
INSERT INTO university.schedule (id, user_id, course_id, group_id, classroom_id, lesson_start, lesson_end, lesson_description) VALUES (146, 5, 6, 2, 8, '2023-06-25 09:00:00', '2023-06-25 09:50:00', '-');
INSERT INTO university.schedule (id, user_id, course_id, group_id, classroom_id, lesson_start, lesson_end, lesson_description) VALUES (147, 3, 7, 2, 3, '2023-06-26 08:00:00', '2023-06-26 08:50:00', '-');
INSERT INTO university.schedule (id, user_id, course_id, group_id, classroom_id, lesson_start, lesson_end, lesson_description) VALUES (148, 5, 9, 2, 30, '2023-06-26 09:00:00', '2023-06-26 09:50:00', '-');
INSERT INTO university.schedule (id, user_id, course_id, group_id, classroom_id, lesson_start, lesson_end, lesson_description) VALUES (149, 3, 7, 2, 11, '2023-06-26 10:00:00', '2023-06-26 10:50:00', '-');
INSERT INTO university.schedule (id, user_id, course_id, group_id, classroom_id, lesson_start, lesson_end, lesson_description) VALUES (150, 1, 6, 2, 17, '2023-06-26 11:00:00', '2023-06-26 11:50:00', '-');
INSERT INTO university.schedule (id, user_id, course_id, group_id, classroom_id, lesson_start, lesson_end, lesson_description) VALUES (151, 5, 6, 2, 37, '2023-06-27 08:00:00', '2023-06-27 08:50:00', '-');
INSERT INTO university.schedule (id, user_id, course_id, group_id, classroom_id, lesson_start, lesson_end, lesson_description) VALUES (152, 3, 7, 2, 25, '2023-06-27 09:00:00', '2023-06-27 09:50:00', '-');
INSERT INTO university.schedule (id, user_id, course_id, group_id, classroom_id, lesson_start, lesson_end, lesson_description) VALUES (153, 3, 7, 2, 39, '2023-06-27 10:00:00', '2023-06-27 10:50:00', '-');
INSERT INTO university.schedule (id, user_id, course_id, group_id, classroom_id, lesson_start, lesson_end, lesson_description) VALUES (154, 1, 6, 2, 5, '2023-06-28 08:00:00', '2023-06-28 08:50:00', '-');
INSERT INTO university.schedule (id, user_id, course_id, group_id, classroom_id, lesson_start, lesson_end, lesson_description) VALUES (155, 5, 6, 2, 35, '2023-06-28 09:00:00', '2023-06-28 09:50:00', '-');
INSERT INTO university.schedule (id, user_id, course_id, group_id, classroom_id, lesson_start, lesson_end, lesson_description) VALUES (156, 5, 9, 2, 6, '2023-06-28 10:00:00', '2023-06-28 10:50:00', '-');
INSERT INTO university.schedule (id, user_id, course_id, group_id, classroom_id, lesson_start, lesson_end, lesson_description) VALUES (157, 5, 6, 2, 24, '2023-06-28 11:00:00', '2023-06-28 11:50:00', '-');
INSERT INTO university.schedule (id, user_id, course_id, group_id, classroom_id, lesson_start, lesson_end, lesson_description) VALUES (158, 3, 7, 2, 33, '2023-06-29 08:00:00', '2023-06-29 08:50:00', '-');
INSERT INTO university.schedule (id, user_id, course_id, group_id, classroom_id, lesson_start, lesson_end, lesson_description) VALUES (159, 5, 9, 2, 27, '2023-06-29 09:00:00', '2023-06-29 09:50:00', '-');
INSERT INTO university.schedule (id, user_id, course_id, group_id, classroom_id, lesson_start, lesson_end, lesson_description) VALUES (160, 5, 9, 2, 13, '2023-06-30 08:00:00', '2023-06-30 08:50:00', '-');
INSERT INTO university.schedule (id, user_id, course_id, group_id, classroom_id, lesson_start, lesson_end, lesson_description) VALUES (161, 5, 9, 2, 30, '2023-06-30 09:00:00', '2023-06-30 09:50:00', '-');
INSERT INTO university.schedule (id, user_id, course_id, group_id, classroom_id, lesson_start, lesson_end, lesson_description) VALUES (162, 5, 9, 2, 7, '2023-07-01 08:00:00', '2023-07-01 08:50:00', '-');
INSERT INTO university.schedule (id, user_id, course_id, group_id, classroom_id, lesson_start, lesson_end, lesson_description) VALUES (163, 5, 9, 2, 8, '2023-07-01 09:00:00', '2023-07-01 09:50:00', '-');
INSERT INTO university.schedule (id, user_id, course_id, group_id, classroom_id, lesson_start, lesson_end, lesson_description) VALUES (164, 3, 7, 2, 29, '2023-07-01 10:00:00', '2023-07-01 10:50:00', '-');
INSERT INTO university.schedule (id, user_id, course_id, group_id, classroom_id, lesson_start, lesson_end, lesson_description) VALUES (165, 1, 6, 2, 5, '2023-07-02 08:00:00', '2023-07-02 08:50:00', '-');
INSERT INTO university.schedule (id, user_id, course_id, group_id, classroom_id, lesson_start, lesson_end, lesson_description) VALUES (166, 3, 7, 2, 26, '2023-07-02 09:00:00', '2023-07-02 09:50:00', '-');
INSERT INTO university.schedule (id, user_id, course_id, group_id, classroom_id, lesson_start, lesson_end, lesson_description) VALUES (167, 5, 9, 2, 1, '2023-07-02 10:00:00', '2023-07-02 10:50:00', '-');
INSERT INTO university.schedule (id, user_id, course_id, group_id, classroom_id, lesson_start, lesson_end, lesson_description) VALUES (168, 1, 6, 2, 1, '2023-07-03 08:00:00', '2023-07-03 08:50:00', '-');
INSERT INTO university.schedule (id, user_id, course_id, group_id, classroom_id, lesson_start, lesson_end, lesson_description) VALUES (169, 5, 9, 2, 19, '2023-07-03 09:00:00', '2023-07-03 09:50:00', '-');
INSERT INTO university.schedule (id, user_id, course_id, group_id, classroom_id, lesson_start, lesson_end, lesson_description) VALUES (170, 3, 7, 2, 35, '2023-07-04 08:00:00', '2023-07-04 08:50:00', '-');
INSERT INTO university.schedule (id, user_id, course_id, group_id, classroom_id, lesson_start, lesson_end, lesson_description) VALUES (171, 3, 7, 2, 15, '2023-07-04 09:00:00', '2023-07-04 09:50:00', '-');
INSERT INTO university.schedule (id, user_id, course_id, group_id, classroom_id, lesson_start, lesson_end, lesson_description) VALUES (172, 5, 9, 2, 22, '2023-07-04 10:00:00', '2023-07-04 10:50:00', '-');
INSERT INTO university.schedule (id, user_id, course_id, group_id, classroom_id, lesson_start, lesson_end, lesson_description) VALUES (173, 5, 9, 2, 16, '2023-07-05 08:00:00', '2023-07-05 08:50:00', '-');
INSERT INTO university.schedule (id, user_id, course_id, group_id, classroom_id, lesson_start, lesson_end, lesson_description) VALUES (174, 1, 6, 2, 26, '2023-07-05 09:00:00', '2023-07-05 09:50:00', '-');
INSERT INTO university.schedule (id, user_id, course_id, group_id, classroom_id, lesson_start, lesson_end, lesson_description) VALUES (175, 5, 9, 2, 14, '2023-07-05 10:00:00', '2023-07-05 10:50:00', '-');
INSERT INTO university.schedule (id, user_id, course_id, group_id, classroom_id, lesson_start, lesson_end, lesson_description) VALUES (176, 3, 7, 2, 12, '2023-07-06 08:00:00', '2023-07-06 08:50:00', '-');
INSERT INTO university.schedule (id, user_id, course_id, group_id, classroom_id, lesson_start, lesson_end, lesson_description) VALUES (177, 5, 9, 2, 20, '2023-07-06 09:00:00', '2023-07-06 09:50:00', '-');
INSERT INTO university.schedule (id, user_id, course_id, group_id, classroom_id, lesson_start, lesson_end, lesson_description) VALUES (178, 1, 6, 2, 36, '2023-07-06 10:00:00', '2023-07-06 10:50:00', '-');
INSERT INTO university.schedule (id, user_id, course_id, group_id, classroom_id, lesson_start, lesson_end, lesson_description) VALUES (179, 3, 7, 2, 6, '2023-07-06 11:00:00', '2023-07-06 11:50:00', '-');
INSERT INTO university.schedule (id, user_id, course_id, group_id, classroom_id, lesson_start, lesson_end, lesson_description) VALUES (180, 5, 9, 2, 8, '2023-07-07 08:00:00', '2023-07-07 08:50:00', '-');
INSERT INTO university.schedule (id, user_id, course_id, group_id, classroom_id, lesson_start, lesson_end, lesson_description) VALUES (181, 5, 6, 2, 36, '2023-07-07 09:00:00', '2023-07-07 09:50:00', '-');
INSERT INTO university.schedule (id, user_id, course_id, group_id, classroom_id, lesson_start, lesson_end, lesson_description) VALUES (182, 4, 5, 3, 8, '2023-06-07 08:00:00', '2023-06-07 08:50:00', '-');
INSERT INTO university.schedule (id, user_id, course_id, group_id, classroom_id, lesson_start, lesson_end, lesson_description) VALUES (183, 4, 5, 3, 10, '2023-06-07 09:00:00', '2023-06-07 09:50:00', '-');
INSERT INTO university.schedule (id, user_id, course_id, group_id, classroom_id, lesson_start, lesson_end, lesson_description) VALUES (184, 5, 10, 3, 2, '2023-06-08 08:00:00', '2023-06-08 08:50:00', '-');
INSERT INTO university.schedule (id, user_id, course_id, group_id, classroom_id, lesson_start, lesson_end, lesson_description) VALUES (185, 4, 4, 3, 26, '2023-06-08 09:00:00', '2023-06-08 09:50:00', '-');
INSERT INTO university.schedule (id, user_id, course_id, group_id, classroom_id, lesson_start, lesson_end, lesson_description) VALUES (186, 4, 5, 3, 3, '2023-06-08 10:00:00', '2023-06-08 10:50:00', '-');
INSERT INTO university.schedule (id, user_id, course_id, group_id, classroom_id, lesson_start, lesson_end, lesson_description) VALUES (187, 5, 10, 3, 25, '2023-06-08 11:00:00', '2023-06-08 11:50:00', '-');
INSERT INTO university.schedule (id, user_id, course_id, group_id, classroom_id, lesson_start, lesson_end, lesson_description) VALUES (188, 5, 10, 3, 3, '2023-06-09 08:00:00', '2023-06-09 08:50:00', '-');
INSERT INTO university.schedule (id, user_id, course_id, group_id, classroom_id, lesson_start, lesson_end, lesson_description) VALUES (189, 4, 5, 3, 12, '2023-06-09 09:00:00', '2023-06-09 09:50:00', '-');
INSERT INTO university.schedule (id, user_id, course_id, group_id, classroom_id, lesson_start, lesson_end, lesson_description) VALUES (190, 4, 4, 3, 24, '2023-06-09 10:00:00', '2023-06-09 10:50:00', '-');
INSERT INTO university.schedule (id, user_id, course_id, group_id, classroom_id, lesson_start, lesson_end, lesson_description) VALUES (191, 4, 4, 3, 7, '2023-06-09 11:00:00', '2023-06-09 11:50:00', '-');
INSERT INTO university.schedule (id, user_id, course_id, group_id, classroom_id, lesson_start, lesson_end, lesson_description) VALUES (192, 5, 10, 3, 8, '2023-06-10 08:00:00', '2023-06-10 08:50:00', '-');
INSERT INTO university.schedule (id, user_id, course_id, group_id, classroom_id, lesson_start, lesson_end, lesson_description) VALUES (193, 4, 4, 3, 11, '2023-06-10 09:00:00', '2023-06-10 09:50:00', '-');
INSERT INTO university.schedule (id, user_id, course_id, group_id, classroom_id, lesson_start, lesson_end, lesson_description) VALUES (194, 4, 5, 3, 31, '2023-06-10 10:00:00', '2023-06-10 10:50:00', '-');
INSERT INTO university.schedule (id, user_id, course_id, group_id, classroom_id, lesson_start, lesson_end, lesson_description) VALUES (195, 4, 4, 3, 30, '2023-06-11 08:00:00', '2023-06-11 08:50:00', '-');
INSERT INTO university.schedule (id, user_id, course_id, group_id, classroom_id, lesson_start, lesson_end, lesson_description) VALUES (196, 4, 5, 3, 22, '2023-06-11 09:00:00', '2023-06-11 09:50:00', '-');
INSERT INTO university.schedule (id, user_id, course_id, group_id, classroom_id, lesson_start, lesson_end, lesson_description) VALUES (197, 5, 10, 3, 11, '2023-06-11 10:00:00', '2023-06-11 10:50:00', '-');
INSERT INTO university.schedule (id, user_id, course_id, group_id, classroom_id, lesson_start, lesson_end, lesson_description) VALUES (198, 4, 4, 3, 9, '2023-06-12 08:00:00', '2023-06-12 08:50:00', '-');
INSERT INTO university.schedule (id, user_id, course_id, group_id, classroom_id, lesson_start, lesson_end, lesson_description) VALUES (199, 4, 4, 3, 37, '2023-06-12 09:00:00', '2023-06-12 09:50:00', '-');
INSERT INTO university.schedule (id, user_id, course_id, group_id, classroom_id, lesson_start, lesson_end, lesson_description) VALUES (200, 4, 4, 3, 34, '2023-06-12 10:00:00', '2023-06-12 10:50:00', '-');
INSERT INTO university.schedule (id, user_id, course_id, group_id, classroom_id, lesson_start, lesson_end, lesson_description) VALUES (201, 4, 4, 3, 13, '2023-06-12 11:00:00', '2023-06-12 11:50:00', '-');
INSERT INTO university.schedule (id, user_id, course_id, group_id, classroom_id, lesson_start, lesson_end, lesson_description) VALUES (202, 4, 5, 3, 18, '2023-06-13 08:00:00', '2023-06-13 08:50:00', '-');
INSERT INTO university.schedule (id, user_id, course_id, group_id, classroom_id, lesson_start, lesson_end, lesson_description) VALUES (203, 4, 5, 3, 29, '2023-06-13 09:00:00', '2023-06-13 09:50:00', '-');
INSERT INTO university.schedule (id, user_id, course_id, group_id, classroom_id, lesson_start, lesson_end, lesson_description) VALUES (204, 5, 10, 3, 23, '2023-06-13 10:00:00', '2023-06-13 10:50:00', '-');
INSERT INTO university.schedule (id, user_id, course_id, group_id, classroom_id, lesson_start, lesson_end, lesson_description) VALUES (205, 4, 5, 3, 12, '2023-06-14 08:00:00', '2023-06-14 08:50:00', '-');
INSERT INTO university.schedule (id, user_id, course_id, group_id, classroom_id, lesson_start, lesson_end, lesson_description) VALUES (206, 5, 10, 3, 6, '2023-06-14 09:00:00', '2023-06-14 09:50:00', '-');
INSERT INTO university.schedule (id, user_id, course_id, group_id, classroom_id, lesson_start, lesson_end, lesson_description) VALUES (207, 4, 5, 3, 8, '2023-06-14 10:00:00', '2023-06-14 10:50:00', '-');
INSERT INTO university.schedule (id, user_id, course_id, group_id, classroom_id, lesson_start, lesson_end, lesson_description) VALUES (208, 4, 4, 3, 1, '2023-06-14 11:00:00', '2023-06-14 11:50:00', '-');
INSERT INTO university.schedule (id, user_id, course_id, group_id, classroom_id, lesson_start, lesson_end, lesson_description) VALUES (209, 4, 5, 3, 31, '2023-06-15 08:00:00', '2023-06-15 08:50:00', '-');
INSERT INTO university.schedule (id, user_id, course_id, group_id, classroom_id, lesson_start, lesson_end, lesson_description) VALUES (210, 4, 4, 3, 38, '2023-06-15 09:00:00', '2023-06-15 09:50:00', '-');
INSERT INTO university.schedule (id, user_id, course_id, group_id, classroom_id, lesson_start, lesson_end, lesson_description) VALUES (211, 4, 5, 3, 5, '2023-06-15 10:00:00', '2023-06-15 10:50:00', '-');
INSERT INTO university.schedule (id, user_id, course_id, group_id, classroom_id, lesson_start, lesson_end, lesson_description) VALUES (212, 4, 5, 3, 9, '2023-06-15 11:00:00', '2023-06-15 11:50:00', '-');
INSERT INTO university.schedule (id, user_id, course_id, group_id, classroom_id, lesson_start, lesson_end, lesson_description) VALUES (213, 5, 10, 3, 7, '2023-06-16 08:00:00', '2023-06-16 08:50:00', '-');
INSERT INTO university.schedule (id, user_id, course_id, group_id, classroom_id, lesson_start, lesson_end, lesson_description) VALUES (214, 5, 10, 3, 39, '2023-06-16 09:00:00', '2023-06-16 09:50:00', '-');
INSERT INTO university.schedule (id, user_id, course_id, group_id, classroom_id, lesson_start, lesson_end, lesson_description) VALUES (215, 5, 10, 3, 32, '2023-06-16 10:00:00', '2023-06-16 10:50:00', '-');
INSERT INTO university.schedule (id, user_id, course_id, group_id, classroom_id, lesson_start, lesson_end, lesson_description) VALUES (216, 5, 10, 3, 27, '2023-06-17 08:00:00', '2023-06-17 08:50:00', '-');
INSERT INTO university.schedule (id, user_id, course_id, group_id, classroom_id, lesson_start, lesson_end, lesson_description) VALUES (217, 4, 5, 3, 23, '2023-06-17 09:00:00', '2023-06-17 09:50:00', '-');
INSERT INTO university.schedule (id, user_id, course_id, group_id, classroom_id, lesson_start, lesson_end, lesson_description) VALUES (218, 4, 5, 3, 31, '2023-06-17 10:00:00', '2023-06-17 10:50:00', '-');
INSERT INTO university.schedule (id, user_id, course_id, group_id, classroom_id, lesson_start, lesson_end, lesson_description) VALUES (219, 4, 5, 3, 38, '2023-06-17 11:00:00', '2023-06-17 11:50:00', '-');
INSERT INTO university.schedule (id, user_id, course_id, group_id, classroom_id, lesson_start, lesson_end, lesson_description) VALUES (220, 5, 10, 3, 4, '2023-06-18 08:00:00', '2023-06-18 08:50:00', '-');
INSERT INTO university.schedule (id, user_id, course_id, group_id, classroom_id, lesson_start, lesson_end, lesson_description) VALUES (221, 5, 10, 3, 23, '2023-06-18 09:00:00', '2023-06-18 09:50:00', '-');
INSERT INTO university.schedule (id, user_id, course_id, group_id, classroom_id, lesson_start, lesson_end, lesson_description) VALUES (222, 4, 4, 3, 24, '2023-06-18 10:00:00', '2023-06-18 10:50:00', '-');
INSERT INTO university.schedule (id, user_id, course_id, group_id, classroom_id, lesson_start, lesson_end, lesson_description) VALUES (223, 4, 4, 3, 10, '2023-06-18 11:00:00', '2023-06-18 11:50:00', '-');
INSERT INTO university.schedule (id, user_id, course_id, group_id, classroom_id, lesson_start, lesson_end, lesson_description) VALUES (224, 4, 4, 3, 8, '2023-06-19 08:00:00', '2023-06-19 08:50:00', '-');
INSERT INTO university.schedule (id, user_id, course_id, group_id, classroom_id, lesson_start, lesson_end, lesson_description) VALUES (225, 4, 5, 3, 24, '2023-06-19 09:00:00', '2023-06-19 09:50:00', '-');
INSERT INTO university.schedule (id, user_id, course_id, group_id, classroom_id, lesson_start, lesson_end, lesson_description) VALUES (226, 4, 5, 3, 29, '2023-06-20 08:00:00', '2023-06-20 08:50:00', '-');
INSERT INTO university.schedule (id, user_id, course_id, group_id, classroom_id, lesson_start, lesson_end, lesson_description) VALUES (227, 4, 5, 3, 19, '2023-06-20 09:00:00', '2023-06-20 09:50:00', '-');
INSERT INTO university.schedule (id, user_id, course_id, group_id, classroom_id, lesson_start, lesson_end, lesson_description) VALUES (228, 4, 5, 3, 33, '2023-06-21 08:00:00', '2023-06-21 08:50:00', '-');
INSERT INTO university.schedule (id, user_id, course_id, group_id, classroom_id, lesson_start, lesson_end, lesson_description) VALUES (229, 5, 10, 3, 29, '2023-06-21 09:00:00', '2023-06-21 09:50:00', '-');
INSERT INTO university.schedule (id, user_id, course_id, group_id, classroom_id, lesson_start, lesson_end, lesson_description) VALUES (230, 5, 10, 3, 25, '2023-06-21 10:00:00', '2023-06-21 10:50:00', '-');
INSERT INTO university.schedule (id, user_id, course_id, group_id, classroom_id, lesson_start, lesson_end, lesson_description) VALUES (231, 4, 5, 3, 5, '2023-06-21 11:00:00', '2023-06-21 11:50:00', '-');
INSERT INTO university.schedule (id, user_id, course_id, group_id, classroom_id, lesson_start, lesson_end, lesson_description) VALUES (232, 4, 5, 3, 10, '2023-06-22 08:00:00', '2023-06-22 08:50:00', '-');
INSERT INTO university.schedule (id, user_id, course_id, group_id, classroom_id, lesson_start, lesson_end, lesson_description) VALUES (233, 4, 5, 3, 21, '2023-06-22 09:00:00', '2023-06-22 09:50:00', '-');
INSERT INTO university.schedule (id, user_id, course_id, group_id, classroom_id, lesson_start, lesson_end, lesson_description) VALUES (234, 5, 10, 3, 8, '2023-06-22 10:00:00', '2023-06-22 10:50:00', '-');
INSERT INTO university.schedule (id, user_id, course_id, group_id, classroom_id, lesson_start, lesson_end, lesson_description) VALUES (235, 4, 4, 3, 16, '2023-06-22 11:00:00', '2023-06-22 11:50:00', '-');
INSERT INTO university.schedule (id, user_id, course_id, group_id, classroom_id, lesson_start, lesson_end, lesson_description) VALUES (236, 5, 10, 3, 13, '2023-06-23 08:00:00', '2023-06-23 08:50:00', '-');
INSERT INTO university.schedule (id, user_id, course_id, group_id, classroom_id, lesson_start, lesson_end, lesson_description) VALUES (237, 4, 5, 3, 28, '2023-06-23 09:00:00', '2023-06-23 09:50:00', '-');
INSERT INTO university.schedule (id, user_id, course_id, group_id, classroom_id, lesson_start, lesson_end, lesson_description) VALUES (238, 5, 10, 3, 39, '2023-06-24 08:00:00', '2023-06-24 08:50:00', '-');
INSERT INTO university.schedule (id, user_id, course_id, group_id, classroom_id, lesson_start, lesson_end, lesson_description) VALUES (239, 4, 5, 3, 11, '2023-06-24 09:00:00', '2023-06-24 09:50:00', '-');
INSERT INTO university.schedule (id, user_id, course_id, group_id, classroom_id, lesson_start, lesson_end, lesson_description) VALUES (240, 4, 4, 3, 22, '2023-06-24 10:00:00', '2023-06-24 10:50:00', '-');
INSERT INTO university.schedule (id, user_id, course_id, group_id, classroom_id, lesson_start, lesson_end, lesson_description) VALUES (241, 5, 10, 3, 14, '2023-06-24 11:00:00', '2023-06-24 11:50:00', '-');
INSERT INTO university.schedule (id, user_id, course_id, group_id, classroom_id, lesson_start, lesson_end, lesson_description) VALUES (242, 4, 5, 3, 38, '2023-06-25 08:00:00', '2023-06-25 08:50:00', '-');
INSERT INTO university.schedule (id, user_id, course_id, group_id, classroom_id, lesson_start, lesson_end, lesson_description) VALUES (243, 4, 5, 3, 10, '2023-06-25 09:00:00', '2023-06-25 09:50:00', '-');
INSERT INTO university.schedule (id, user_id, course_id, group_id, classroom_id, lesson_start, lesson_end, lesson_description) VALUES (244, 4, 4, 3, 6, '2023-06-25 10:00:00', '2023-06-25 10:50:00', '-');
INSERT INTO university.schedule (id, user_id, course_id, group_id, classroom_id, lesson_start, lesson_end, lesson_description) VALUES (245, 4, 4, 3, 27, '2023-06-25 11:00:00', '2023-06-25 11:50:00', '-');
INSERT INTO university.schedule (id, user_id, course_id, group_id, classroom_id, lesson_start, lesson_end, lesson_description) VALUES (246, 5, 10, 3, 8, '2023-06-26 08:00:00', '2023-06-26 08:50:00', '-');
INSERT INTO university.schedule (id, user_id, course_id, group_id, classroom_id, lesson_start, lesson_end, lesson_description) VALUES (247, 4, 4, 3, 26, '2023-06-26 09:00:00', '2023-06-26 09:50:00', '-');
INSERT INTO university.schedule (id, user_id, course_id, group_id, classroom_id, lesson_start, lesson_end, lesson_description) VALUES (248, 4, 4, 3, 3, '2023-06-27 08:00:00', '2023-06-27 08:50:00', '-');
INSERT INTO university.schedule (id, user_id, course_id, group_id, classroom_id, lesson_start, lesson_end, lesson_description) VALUES (249, 5, 10, 3, 37, '2023-06-27 09:00:00', '2023-06-27 09:50:00', '-');
INSERT INTO university.schedule (id, user_id, course_id, group_id, classroom_id, lesson_start, lesson_end, lesson_description) VALUES (250, 5, 10, 3, 39, '2023-06-27 10:00:00', '2023-06-27 10:50:00', '-');
INSERT INTO university.schedule (id, user_id, course_id, group_id, classroom_id, lesson_start, lesson_end, lesson_description) VALUES (251, 5, 10, 3, 19, '2023-06-28 08:00:00', '2023-06-28 08:50:00', '-');
INSERT INTO university.schedule (id, user_id, course_id, group_id, classroom_id, lesson_start, lesson_end, lesson_description) VALUES (252, 4, 5, 3, 25, '2023-06-28 09:00:00', '2023-06-28 09:50:00', '-');
INSERT INTO university.schedule (id, user_id, course_id, group_id, classroom_id, lesson_start, lesson_end, lesson_description) VALUES (253, 5, 10, 3, 7, '2023-06-29 08:00:00', '2023-06-29 08:50:00', '-');
INSERT INTO university.schedule (id, user_id, course_id, group_id, classroom_id, lesson_start, lesson_end, lesson_description) VALUES (254, 5, 10, 3, 34, '2023-06-29 09:00:00', '2023-06-29 09:50:00', '-');
INSERT INTO university.schedule (id, user_id, course_id, group_id, classroom_id, lesson_start, lesson_end, lesson_description) VALUES (255, 5, 10, 3, 7, '2023-06-29 10:00:00', '2023-06-29 10:50:00', '-');
INSERT INTO university.schedule (id, user_id, course_id, group_id, classroom_id, lesson_start, lesson_end, lesson_description) VALUES (256, 4, 4, 3, 36, '2023-06-29 11:00:00', '2023-06-29 11:50:00', '-');
INSERT INTO university.schedule (id, user_id, course_id, group_id, classroom_id, lesson_start, lesson_end, lesson_description) VALUES (257, 4, 5, 3, 27, '2023-06-30 08:00:00', '2023-06-30 08:50:00', '-');
INSERT INTO university.schedule (id, user_id, course_id, group_id, classroom_id, lesson_start, lesson_end, lesson_description) VALUES (258, 4, 5, 3, 20, '2023-06-30 09:00:00', '2023-06-30 09:50:00', '-');
INSERT INTO university.schedule (id, user_id, course_id, group_id, classroom_id, lesson_start, lesson_end, lesson_description) VALUES (259, 4, 4, 3, 5, '2023-06-30 10:00:00', '2023-06-30 10:50:00', '-');
INSERT INTO university.schedule (id, user_id, course_id, group_id, classroom_id, lesson_start, lesson_end, lesson_description) VALUES (260, 4, 5, 3, 24, '2023-07-01 08:00:00', '2023-07-01 08:50:00', '-');
INSERT INTO university.schedule (id, user_id, course_id, group_id, classroom_id, lesson_start, lesson_end, lesson_description) VALUES (261, 5, 10, 3, 35, '2023-07-01 09:00:00', '2023-07-01 09:50:00', '-');
INSERT INTO university.schedule (id, user_id, course_id, group_id, classroom_id, lesson_start, lesson_end, lesson_description) VALUES (262, 4, 4, 3, 33, '2023-07-01 10:00:00', '2023-07-01 10:50:00', '-');
INSERT INTO university.schedule (id, user_id, course_id, group_id, classroom_id, lesson_start, lesson_end, lesson_description) VALUES (263, 4, 5, 3, 39, '2023-07-01 11:00:00', '2023-07-01 11:50:00', '-');
INSERT INTO university.schedule (id, user_id, course_id, group_id, classroom_id, lesson_start, lesson_end, lesson_description) VALUES (264, 4, 4, 3, 27, '2023-07-02 08:00:00', '2023-07-02 08:50:00', '-');
INSERT INTO university.schedule (id, user_id, course_id, group_id, classroom_id, lesson_start, lesson_end, lesson_description) VALUES (265, 5, 10, 3, 13, '2023-07-02 09:00:00', '2023-07-02 09:50:00', '-');
INSERT INTO university.schedule (id, user_id, course_id, group_id, classroom_id, lesson_start, lesson_end, lesson_description) VALUES (266, 5, 10, 3, 37, '2023-07-03 08:00:00', '2023-07-03 08:50:00', '-');
INSERT INTO university.schedule (id, user_id, course_id, group_id, classroom_id, lesson_start, lesson_end, lesson_description) VALUES (267, 5, 10, 3, 32, '2023-07-03 09:00:00', '2023-07-03 09:50:00', '-');
INSERT INTO university.schedule (id, user_id, course_id, group_id, classroom_id, lesson_start, lesson_end, lesson_description) VALUES (268, 4, 5, 3, 8, '2023-07-03 10:00:00', '2023-07-03 10:50:00', '-');
INSERT INTO university.schedule (id, user_id, course_id, group_id, classroom_id, lesson_start, lesson_end, lesson_description) VALUES (269, 4, 4, 3, 25, '2023-07-04 08:00:00', '2023-07-04 08:50:00', '-');
INSERT INTO university.schedule (id, user_id, course_id, group_id, classroom_id, lesson_start, lesson_end, lesson_description) VALUES (270, 4, 5, 3, 3, '2023-07-04 09:00:00', '2023-07-04 09:50:00', '-');
INSERT INTO university.schedule (id, user_id, course_id, group_id, classroom_id, lesson_start, lesson_end, lesson_description) VALUES (271, 4, 4, 3, 36, '2023-07-04 10:00:00', '2023-07-04 10:50:00', '-');
INSERT INTO university.schedule (id, user_id, course_id, group_id, classroom_id, lesson_start, lesson_end, lesson_description) VALUES (272, 4, 4, 3, 11, '2023-07-04 11:00:00', '2023-07-04 11:50:00', '-');
INSERT INTO university.schedule (id, user_id, course_id, group_id, classroom_id, lesson_start, lesson_end, lesson_description) VALUES (273, 4, 5, 3, 9, '2023-07-05 08:00:00', '2023-07-05 08:50:00', '-');
INSERT INTO university.schedule (id, user_id, course_id, group_id, classroom_id, lesson_start, lesson_end, lesson_description) VALUES (274, 4, 5, 3, 20, '2023-07-05 09:00:00', '2023-07-05 09:50:00', '-');
INSERT INTO university.schedule (id, user_id, course_id, group_id, classroom_id, lesson_start, lesson_end, lesson_description) VALUES (275, 5, 10, 3, 8, '2023-07-06 08:00:00', '2023-07-06 08:50:00', '-');
INSERT INTO university.schedule (id, user_id, course_id, group_id, classroom_id, lesson_start, lesson_end, lesson_description) VALUES (276, 4, 4, 3, 26, '2023-07-06 09:00:00', '2023-07-06 09:50:00', '-');
INSERT INTO university.schedule (id, user_id, course_id, group_id, classroom_id, lesson_start, lesson_end, lesson_description) VALUES (277, 5, 10, 3, 31, '2023-07-06 10:00:00', '2023-07-06 10:50:00', '-');
INSERT INTO university.schedule (id, user_id, course_id, group_id, classroom_id, lesson_start, lesson_end, lesson_description) VALUES (278, 5, 10, 3, 24, '2023-07-07 08:00:00', '2023-07-07 08:50:00', '-');
INSERT INTO university.schedule (id, user_id, course_id, group_id, classroom_id, lesson_start, lesson_end, lesson_description) VALUES (279, 4, 5, 3, 31, '2023-07-07 09:00:00', '2023-07-07 09:50:00', '-');
INSERT INTO university.schedule (id, user_id, course_id, group_id, classroom_id, lesson_start, lesson_end, lesson_description) VALUES (280, 4, 5, 3, 2, '2023-07-07 10:00:00', '2023-07-07 10:50:00', '-');
INSERT INTO university.schedule (id, user_id, course_id, group_id, classroom_id, lesson_start, lesson_end, lesson_description) VALUES (281, 4, 5, 3, 27, '2023-07-07 11:00:00', '2023-07-07 11:50:00', '-');
INSERT INTO university.schedule (id, user_id, course_id, group_id, classroom_id, lesson_start, lesson_end, lesson_description) VALUES (282, 4, 5, 4, 30, '2023-06-07 08:00:00', '2023-06-07 08:50:00', '-');
INSERT INTO university.schedule (id, user_id, course_id, group_id, classroom_id, lesson_start, lesson_end, lesson_description) VALUES (283, 4, 1, 4, 36, '2023-06-07 09:00:00', '2023-06-07 09:50:00', '-');
INSERT INTO university.schedule (id, user_id, course_id, group_id, classroom_id, lesson_start, lesson_end, lesson_description) VALUES (284, 4, 5, 4, 22, '2023-06-08 08:00:00', '2023-06-08 08:50:00', '-');
INSERT INTO university.schedule (id, user_id, course_id, group_id, classroom_id, lesson_start, lesson_end, lesson_description) VALUES (285, 4, 1, 4, 2, '2023-06-08 09:00:00', '2023-06-08 09:50:00', '-');
INSERT INTO university.schedule (id, user_id, course_id, group_id, classroom_id, lesson_start, lesson_end, lesson_description) VALUES (286, 4, 4, 4, 21, '2023-06-09 08:00:00', '2023-06-09 08:50:00', '-');
INSERT INTO university.schedule (id, user_id, course_id, group_id, classroom_id, lesson_start, lesson_end, lesson_description) VALUES (287, 3, 7, 4, 6, '2023-06-09 09:00:00', '2023-06-09 09:50:00', '-');
INSERT INTO university.schedule (id, user_id, course_id, group_id, classroom_id, lesson_start, lesson_end, lesson_description) VALUES (288, 4, 4, 4, 34, '2023-06-09 10:00:00', '2023-06-09 10:50:00', '-');
INSERT INTO university.schedule (id, user_id, course_id, group_id, classroom_id, lesson_start, lesson_end, lesson_description) VALUES (289, 4, 4, 4, 36, '2023-06-09 11:00:00', '2023-06-09 11:50:00', '-');
INSERT INTO university.schedule (id, user_id, course_id, group_id, classroom_id, lesson_start, lesson_end, lesson_description) VALUES (290, 4, 1, 4, 25, '2023-06-10 08:00:00', '2023-06-10 08:50:00', '-');
INSERT INTO university.schedule (id, user_id, course_id, group_id, classroom_id, lesson_start, lesson_end, lesson_description) VALUES (291, 4, 1, 4, 2, '2023-06-10 09:00:00', '2023-06-10 09:50:00', '-');
INSERT INTO university.schedule (id, user_id, course_id, group_id, classroom_id, lesson_start, lesson_end, lesson_description) VALUES (292, 4, 1, 4, 25, '2023-06-10 10:00:00', '2023-06-10 10:50:00', '-');
INSERT INTO university.schedule (id, user_id, course_id, group_id, classroom_id, lesson_start, lesson_end, lesson_description) VALUES (293, 3, 7, 4, 35, '2023-06-10 11:00:00', '2023-06-10 11:50:00', '-');
INSERT INTO university.schedule (id, user_id, course_id, group_id, classroom_id, lesson_start, lesson_end, lesson_description) VALUES (294, 4, 1, 4, 6, '2023-06-11 08:00:00', '2023-06-11 08:50:00', '-');
INSERT INTO university.schedule (id, user_id, course_id, group_id, classroom_id, lesson_start, lesson_end, lesson_description) VALUES (295, 4, 5, 4, 23, '2023-06-11 09:00:00', '2023-06-11 09:50:00', '-');
INSERT INTO university.schedule (id, user_id, course_id, group_id, classroom_id, lesson_start, lesson_end, lesson_description) VALUES (296, 4, 4, 4, 37, '2023-06-12 08:00:00', '2023-06-12 08:50:00', '-');
INSERT INTO university.schedule (id, user_id, course_id, group_id, classroom_id, lesson_start, lesson_end, lesson_description) VALUES (297, 4, 5, 4, 3, '2023-06-12 09:00:00', '2023-06-12 09:50:00', '-');
INSERT INTO university.schedule (id, user_id, course_id, group_id, classroom_id, lesson_start, lesson_end, lesson_description) VALUES (298, 4, 4, 4, 33, '2023-06-13 08:00:00', '2023-06-13 08:50:00', '-');
INSERT INTO university.schedule (id, user_id, course_id, group_id, classroom_id, lesson_start, lesson_end, lesson_description) VALUES (299, 4, 5, 4, 37, '2023-06-13 09:00:00', '2023-06-13 09:50:00', '-');
INSERT INTO university.schedule (id, user_id, course_id, group_id, classroom_id, lesson_start, lesson_end, lesson_description) VALUES (300, 4, 4, 4, 7, '2023-06-13 10:00:00', '2023-06-13 10:50:00', '-');
INSERT INTO university.schedule (id, user_id, course_id, group_id, classroom_id, lesson_start, lesson_end, lesson_description) VALUES (301, 4, 4, 4, 8, '2023-06-13 11:00:00', '2023-06-13 11:50:00', '-');
INSERT INTO university.schedule (id, user_id, course_id, group_id, classroom_id, lesson_start, lesson_end, lesson_description) VALUES (302, 4, 4, 4, 27, '2023-06-14 08:00:00', '2023-06-14 08:50:00', '-');
INSERT INTO university.schedule (id, user_id, course_id, group_id, classroom_id, lesson_start, lesson_end, lesson_description) VALUES (303, 4, 5, 4, 29, '2023-06-14 09:00:00', '2023-06-14 09:50:00', '-');
INSERT INTO university.schedule (id, user_id, course_id, group_id, classroom_id, lesson_start, lesson_end, lesson_description) VALUES (304, 4, 4, 4, 16, '2023-06-14 10:00:00', '2023-06-14 10:50:00', '-');
INSERT INTO university.schedule (id, user_id, course_id, group_id, classroom_id, lesson_start, lesson_end, lesson_description) VALUES (305, 4, 5, 4, 17, '2023-06-14 11:00:00', '2023-06-14 11:50:00', '-');
INSERT INTO university.schedule (id, user_id, course_id, group_id, classroom_id, lesson_start, lesson_end, lesson_description) VALUES (306, 4, 5, 4, 39, '2023-06-15 08:00:00', '2023-06-15 08:50:00', '-');
INSERT INTO university.schedule (id, user_id, course_id, group_id, classroom_id, lesson_start, lesson_end, lesson_description) VALUES (307, 4, 4, 4, 6, '2023-06-15 09:00:00', '2023-06-15 09:50:00', '-');
INSERT INTO university.schedule (id, user_id, course_id, group_id, classroom_id, lesson_start, lesson_end, lesson_description) VALUES (308, 3, 7, 4, 4, '2023-06-15 10:00:00', '2023-06-15 10:50:00', '-');
INSERT INTO university.schedule (id, user_id, course_id, group_id, classroom_id, lesson_start, lesson_end, lesson_description) VALUES (309, 3, 7, 4, 21, '2023-06-16 08:00:00', '2023-06-16 08:50:00', '-');
INSERT INTO university.schedule (id, user_id, course_id, group_id, classroom_id, lesson_start, lesson_end, lesson_description) VALUES (310, 4, 4, 4, 14, '2023-06-16 09:00:00', '2023-06-16 09:50:00', '-');
INSERT INTO university.schedule (id, user_id, course_id, group_id, classroom_id, lesson_start, lesson_end, lesson_description) VALUES (311, 3, 7, 4, 39, '2023-06-17 08:00:00', '2023-06-17 08:50:00', '-');
INSERT INTO university.schedule (id, user_id, course_id, group_id, classroom_id, lesson_start, lesson_end, lesson_description) VALUES (312, 3, 7, 4, 25, '2023-06-17 09:00:00', '2023-06-17 09:50:00', '-');
INSERT INTO university.schedule (id, user_id, course_id, group_id, classroom_id, lesson_start, lesson_end, lesson_description) VALUES (313, 4, 5, 4, 8, '2023-06-18 08:00:00', '2023-06-18 08:50:00', '-');
INSERT INTO university.schedule (id, user_id, course_id, group_id, classroom_id, lesson_start, lesson_end, lesson_description) VALUES (314, 3, 7, 4, 12, '2023-06-18 09:00:00', '2023-06-18 09:50:00', '-');
INSERT INTO university.schedule (id, user_id, course_id, group_id, classroom_id, lesson_start, lesson_end, lesson_description) VALUES (315, 4, 5, 4, 8, '2023-06-18 10:00:00', '2023-06-18 10:50:00', '-');
INSERT INTO university.schedule (id, user_id, course_id, group_id, classroom_id, lesson_start, lesson_end, lesson_description) VALUES (316, 4, 4, 4, 35, '2023-06-18 11:00:00', '2023-06-18 11:50:00', '-');
INSERT INTO university.schedule (id, user_id, course_id, group_id, classroom_id, lesson_start, lesson_end, lesson_description) VALUES (317, 4, 1, 4, 38, '2023-06-19 08:00:00', '2023-06-19 08:50:00', '-');
INSERT INTO university.schedule (id, user_id, course_id, group_id, classroom_id, lesson_start, lesson_end, lesson_description) VALUES (318, 4, 4, 4, 19, '2023-06-19 09:00:00', '2023-06-19 09:50:00', '-');
INSERT INTO university.schedule (id, user_id, course_id, group_id, classroom_id, lesson_start, lesson_end, lesson_description) VALUES (319, 4, 5, 4, 9, '2023-06-19 10:00:00', '2023-06-19 10:50:00', '-');
INSERT INTO university.schedule (id, user_id, course_id, group_id, classroom_id, lesson_start, lesson_end, lesson_description) VALUES (320, 3, 7, 4, 31, '2023-06-20 08:00:00', '2023-06-20 08:50:00', '-');
INSERT INTO university.schedule (id, user_id, course_id, group_id, classroom_id, lesson_start, lesson_end, lesson_description) VALUES (321, 3, 7, 4, 22, '2023-06-20 09:00:00', '2023-06-20 09:50:00', '-');
INSERT INTO university.schedule (id, user_id, course_id, group_id, classroom_id, lesson_start, lesson_end, lesson_description) VALUES (322, 3, 7, 4, 17, '2023-06-20 10:00:00', '2023-06-20 10:50:00', '-');
INSERT INTO university.schedule (id, user_id, course_id, group_id, classroom_id, lesson_start, lesson_end, lesson_description) VALUES (323, 3, 7, 4, 7, '2023-06-21 08:00:00', '2023-06-21 08:50:00', '-');
INSERT INTO university.schedule (id, user_id, course_id, group_id, classroom_id, lesson_start, lesson_end, lesson_description) VALUES (324, 3, 7, 4, 31, '2023-06-21 09:00:00', '2023-06-21 09:50:00', '-');
INSERT INTO university.schedule (id, user_id, course_id, group_id, classroom_id, lesson_start, lesson_end, lesson_description) VALUES (325, 3, 7, 4, 4, '2023-06-21 10:00:00', '2023-06-21 10:50:00', '-');
INSERT INTO university.schedule (id, user_id, course_id, group_id, classroom_id, lesson_start, lesson_end, lesson_description) VALUES (326, 4, 5, 4, 28, '2023-06-22 08:00:00', '2023-06-22 08:50:00', '-');
INSERT INTO university.schedule (id, user_id, course_id, group_id, classroom_id, lesson_start, lesson_end, lesson_description) VALUES (327, 4, 1, 4, 27, '2023-06-22 09:00:00', '2023-06-22 09:50:00', '-');
INSERT INTO university.schedule (id, user_id, course_id, group_id, classroom_id, lesson_start, lesson_end, lesson_description) VALUES (328, 3, 7, 4, 6, '2023-06-22 10:00:00', '2023-06-22 10:50:00', '-');
INSERT INTO university.schedule (id, user_id, course_id, group_id, classroom_id, lesson_start, lesson_end, lesson_description) VALUES (329, 3, 7, 4, 30, '2023-06-22 11:00:00', '2023-06-22 11:50:00', '-');
INSERT INTO university.schedule (id, user_id, course_id, group_id, classroom_id, lesson_start, lesson_end, lesson_description) VALUES (330, 4, 1, 4, 26, '2023-06-23 08:00:00', '2023-06-23 08:50:00', '-');
INSERT INTO university.schedule (id, user_id, course_id, group_id, classroom_id, lesson_start, lesson_end, lesson_description) VALUES (331, 4, 4, 4, 15, '2023-06-23 09:00:00', '2023-06-23 09:50:00', '-');
INSERT INTO university.schedule (id, user_id, course_id, group_id, classroom_id, lesson_start, lesson_end, lesson_description) VALUES (332, 4, 5, 4, 25, '2023-06-24 08:00:00', '2023-06-24 08:50:00', '-');
INSERT INTO university.schedule (id, user_id, course_id, group_id, classroom_id, lesson_start, lesson_end, lesson_description) VALUES (333, 3, 7, 4, 27, '2023-06-24 09:00:00', '2023-06-24 09:50:00', '-');
INSERT INTO university.schedule (id, user_id, course_id, group_id, classroom_id, lesson_start, lesson_end, lesson_description) VALUES (334, 4, 1, 4, 3, '2023-06-24 10:00:00', '2023-06-24 10:50:00', '-');
INSERT INTO university.schedule (id, user_id, course_id, group_id, classroom_id, lesson_start, lesson_end, lesson_description) VALUES (335, 4, 4, 4, 14, '2023-06-24 11:00:00', '2023-06-24 11:50:00', '-');
INSERT INTO university.schedule (id, user_id, course_id, group_id, classroom_id, lesson_start, lesson_end, lesson_description) VALUES (336, 4, 4, 4, 32, '2023-06-25 08:00:00', '2023-06-25 08:50:00', '-');
INSERT INTO university.schedule (id, user_id, course_id, group_id, classroom_id, lesson_start, lesson_end, lesson_description) VALUES (337, 4, 4, 4, 20, '2023-06-25 09:00:00', '2023-06-25 09:50:00', '-');
INSERT INTO university.schedule (id, user_id, course_id, group_id, classroom_id, lesson_start, lesson_end, lesson_description) VALUES (338, 4, 4, 4, 36, '2023-06-25 10:00:00', '2023-06-25 10:50:00', '-');
INSERT INTO university.schedule (id, user_id, course_id, group_id, classroom_id, lesson_start, lesson_end, lesson_description) VALUES (339, 4, 1, 4, 28, '2023-06-26 08:00:00', '2023-06-26 08:50:00', '-');
INSERT INTO university.schedule (id, user_id, course_id, group_id, classroom_id, lesson_start, lesson_end, lesson_description) VALUES (340, 4, 1, 4, 3, '2023-06-26 09:00:00', '2023-06-26 09:50:00', '-');
INSERT INTO university.schedule (id, user_id, course_id, group_id, classroom_id, lesson_start, lesson_end, lesson_description) VALUES (341, 4, 4, 4, 31, '2023-06-27 08:00:00', '2023-06-27 08:50:00', '-');
INSERT INTO university.schedule (id, user_id, course_id, group_id, classroom_id, lesson_start, lesson_end, lesson_description) VALUES (342, 4, 4, 4, 15, '2023-06-27 09:00:00', '2023-06-27 09:50:00', '-');
INSERT INTO university.schedule (id, user_id, course_id, group_id, classroom_id, lesson_start, lesson_end, lesson_description) VALUES (343, 3, 7, 4, 37, '2023-06-27 10:00:00', '2023-06-27 10:50:00', '-');
INSERT INTO university.schedule (id, user_id, course_id, group_id, classroom_id, lesson_start, lesson_end, lesson_description) VALUES (344, 3, 7, 4, 25, '2023-06-27 11:00:00', '2023-06-27 11:50:00', '-');
INSERT INTO university.schedule (id, user_id, course_id, group_id, classroom_id, lesson_start, lesson_end, lesson_description) VALUES (345, 4, 1, 4, 14, '2023-06-28 08:00:00', '2023-06-28 08:50:00', '-');
INSERT INTO university.schedule (id, user_id, course_id, group_id, classroom_id, lesson_start, lesson_end, lesson_description) VALUES (346, 3, 7, 4, 32, '2023-06-28 09:00:00', '2023-06-28 09:50:00', '-');
INSERT INTO university.schedule (id, user_id, course_id, group_id, classroom_id, lesson_start, lesson_end, lesson_description) VALUES (347, 4, 4, 4, 36, '2023-06-29 08:00:00', '2023-06-29 08:50:00', '-');
INSERT INTO university.schedule (id, user_id, course_id, group_id, classroom_id, lesson_start, lesson_end, lesson_description) VALUES (348, 4, 4, 4, 19, '2023-06-29 09:00:00', '2023-06-29 09:50:00', '-');
INSERT INTO university.schedule (id, user_id, course_id, group_id, classroom_id, lesson_start, lesson_end, lesson_description) VALUES (349, 3, 7, 4, 20, '2023-06-29 10:00:00', '2023-06-29 10:50:00', '-');
INSERT INTO university.schedule (id, user_id, course_id, group_id, classroom_id, lesson_start, lesson_end, lesson_description) VALUES (350, 4, 4, 4, 26, '2023-06-30 08:00:00', '2023-06-30 08:50:00', '-');
INSERT INTO university.schedule (id, user_id, course_id, group_id, classroom_id, lesson_start, lesson_end, lesson_description) VALUES (351, 4, 1, 4, 35, '2023-06-30 09:00:00', '2023-06-30 09:50:00', '-');
INSERT INTO university.schedule (id, user_id, course_id, group_id, classroom_id, lesson_start, lesson_end, lesson_description) VALUES (352, 4, 5, 4, 26, '2023-06-30 10:00:00', '2023-06-30 10:50:00', '-');
INSERT INTO university.schedule (id, user_id, course_id, group_id, classroom_id, lesson_start, lesson_end, lesson_description) VALUES (353, 3, 7, 4, 7, '2023-06-30 11:00:00', '2023-06-30 11:50:00', '-');
INSERT INTO university.schedule (id, user_id, course_id, group_id, classroom_id, lesson_start, lesson_end, lesson_description) VALUES (354, 3, 7, 4, 39, '2023-07-01 08:00:00', '2023-07-01 08:50:00', '-');
INSERT INTO university.schedule (id, user_id, course_id, group_id, classroom_id, lesson_start, lesson_end, lesson_description) VALUES (355, 4, 5, 4, 39, '2023-07-01 09:00:00', '2023-07-01 09:50:00', '-');
INSERT INTO university.schedule (id, user_id, course_id, group_id, classroom_id, lesson_start, lesson_end, lesson_description) VALUES (356, 3, 7, 4, 36, '2023-07-01 10:00:00', '2023-07-01 10:50:00', '-');
INSERT INTO university.schedule (id, user_id, course_id, group_id, classroom_id, lesson_start, lesson_end, lesson_description) VALUES (357, 3, 7, 4, 7, '2023-07-02 08:00:00', '2023-07-02 08:50:00', '-');
INSERT INTO university.schedule (id, user_id, course_id, group_id, classroom_id, lesson_start, lesson_end, lesson_description) VALUES (358, 4, 5, 4, 14, '2023-07-02 09:00:00', '2023-07-02 09:50:00', '-');
INSERT INTO university.schedule (id, user_id, course_id, group_id, classroom_id, lesson_start, lesson_end, lesson_description) VALUES (359, 3, 7, 4, 23, '2023-07-03 08:00:00', '2023-07-03 08:50:00', '-');
INSERT INTO university.schedule (id, user_id, course_id, group_id, classroom_id, lesson_start, lesson_end, lesson_description) VALUES (360, 4, 1, 4, 28, '2023-07-03 09:00:00', '2023-07-03 09:50:00', '-');
INSERT INTO university.schedule (id, user_id, course_id, group_id, classroom_id, lesson_start, lesson_end, lesson_description) VALUES (361, 4, 1, 4, 26, '2023-07-03 10:00:00', '2023-07-03 10:50:00', '-');
INSERT INTO university.schedule (id, user_id, course_id, group_id, classroom_id, lesson_start, lesson_end, lesson_description) VALUES (362, 4, 5, 4, 24, '2023-07-03 11:00:00', '2023-07-03 11:50:00', '-');
INSERT INTO university.schedule (id, user_id, course_id, group_id, classroom_id, lesson_start, lesson_end, lesson_description) VALUES (363, 4, 1, 4, 18, '2023-07-04 08:00:00', '2023-07-04 08:50:00', '-');
INSERT INTO university.schedule (id, user_id, course_id, group_id, classroom_id, lesson_start, lesson_end, lesson_description) VALUES (364, 4, 5, 4, 38, '2023-07-04 09:00:00', '2023-07-04 09:50:00', '-');
INSERT INTO university.schedule (id, user_id, course_id, group_id, classroom_id, lesson_start, lesson_end, lesson_description) VALUES (365, 4, 1, 4, 38, '2023-07-05 08:00:00', '2023-07-05 08:50:00', '-');
INSERT INTO university.schedule (id, user_id, course_id, group_id, classroom_id, lesson_start, lesson_end, lesson_description) VALUES (366, 4, 1, 4, 36, '2023-07-05 09:00:00', '2023-07-05 09:50:00', '-');
INSERT INTO university.schedule (id, user_id, course_id, group_id, classroom_id, lesson_start, lesson_end, lesson_description) VALUES (367, 3, 7, 4, 28, '2023-07-06 08:00:00', '2023-07-06 08:50:00', '-');
INSERT INTO university.schedule (id, user_id, course_id, group_id, classroom_id, lesson_start, lesson_end, lesson_description) VALUES (368, 3, 7, 4, 33, '2023-07-06 09:00:00', '2023-07-06 09:50:00', '-');
INSERT INTO university.schedule (id, user_id, course_id, group_id, classroom_id, lesson_start, lesson_end, lesson_description) VALUES (369, 4, 4, 4, 6, '2023-07-06 10:00:00', '2023-07-06 10:50:00', '-');
INSERT INTO university.schedule (id, user_id, course_id, group_id, classroom_id, lesson_start, lesson_end, lesson_description) VALUES (370, 3, 7, 4, 10, '2023-07-06 11:00:00', '2023-07-06 11:50:00', '-');
INSERT INTO university.schedule (id, user_id, course_id, group_id, classroom_id, lesson_start, lesson_end, lesson_description) VALUES (371, 3, 7, 4, 15, '2023-07-07 08:00:00', '2023-07-07 08:50:00', '-');
INSERT INTO university.schedule (id, user_id, course_id, group_id, classroom_id, lesson_start, lesson_end, lesson_description) VALUES (372, 4, 4, 4, 1, '2023-07-07 09:00:00', '2023-07-07 09:50:00', '-');
INSERT INTO university.schedule (id, user_id, course_id, group_id, classroom_id, lesson_start, lesson_end, lesson_description) VALUES (373, 4, 4, 4, 21, '2023-07-07 10:00:00', '2023-07-07 10:50:00', '-');
INSERT INTO university.schedule (id, user_id, course_id, group_id, classroom_id, lesson_start, lesson_end, lesson_description) VALUES (374, 4, 5, 4, 29, '2023-07-07 11:00:00', '2023-07-07 11:50:00', '-');
INSERT INTO university.schedule (id, user_id, course_id, group_id, classroom_id, lesson_start, lesson_end, lesson_description) VALUES (375, 4, 1, 5, 16, '2023-06-07 08:00:00', '2023-06-07 08:50:00', '-');
INSERT INTO university.schedule (id, user_id, course_id, group_id, classroom_id, lesson_start, lesson_end, lesson_description) VALUES (376, 5, 10, 5, 2, '2023-06-07 09:00:00', '2023-06-07 09:50:00', '-');
INSERT INTO university.schedule (id, user_id, course_id, group_id, classroom_id, lesson_start, lesson_end, lesson_description) VALUES (377, 3, 7, 5, 24, '2023-06-07 10:00:00', '2023-06-07 10:50:00', '-');
INSERT INTO university.schedule (id, user_id, course_id, group_id, classroom_id, lesson_start, lesson_end, lesson_description) VALUES (378, 4, 1, 5, 4, '2023-06-08 08:00:00', '2023-06-08 08:50:00', '-');
INSERT INTO university.schedule (id, user_id, course_id, group_id, classroom_id, lesson_start, lesson_end, lesson_description) VALUES (379, 3, 7, 5, 37, '2023-06-08 09:00:00', '2023-06-08 09:50:00', '-');
INSERT INTO university.schedule (id, user_id, course_id, group_id, classroom_id, lesson_start, lesson_end, lesson_description) VALUES (380, 5, 10, 5, 30, '2023-06-08 10:00:00', '2023-06-08 10:50:00', '-');
INSERT INTO university.schedule (id, user_id, course_id, group_id, classroom_id, lesson_start, lesson_end, lesson_description) VALUES (381, 3, 7, 5, 3, '2023-06-08 11:00:00', '2023-06-08 11:50:00', '-');
INSERT INTO university.schedule (id, user_id, course_id, group_id, classroom_id, lesson_start, lesson_end, lesson_description) VALUES (382, 4, 1, 5, 17, '2023-06-09 08:00:00', '2023-06-09 08:50:00', '-');
INSERT INTO university.schedule (id, user_id, course_id, group_id, classroom_id, lesson_start, lesson_end, lesson_description) VALUES (383, 5, 10, 5, 30, '2023-06-09 09:00:00', '2023-06-09 09:50:00', '-');
INSERT INTO university.schedule (id, user_id, course_id, group_id, classroom_id, lesson_start, lesson_end, lesson_description) VALUES (384, 3, 7, 5, 35, '2023-06-09 10:00:00', '2023-06-09 10:50:00', '-');
INSERT INTO university.schedule (id, user_id, course_id, group_id, classroom_id, lesson_start, lesson_end, lesson_description) VALUES (385, 4, 1, 5, 24, '2023-06-10 08:00:00', '2023-06-10 08:50:00', '-');
INSERT INTO university.schedule (id, user_id, course_id, group_id, classroom_id, lesson_start, lesson_end, lesson_description) VALUES (386, 4, 1, 5, 12, '2023-06-10 09:00:00', '2023-06-10 09:50:00', '-');
INSERT INTO university.schedule (id, user_id, course_id, group_id, classroom_id, lesson_start, lesson_end, lesson_description) VALUES (387, 4, 1, 5, 15, '2023-06-10 10:00:00', '2023-06-10 10:50:00', '-');
INSERT INTO university.schedule (id, user_id, course_id, group_id, classroom_id, lesson_start, lesson_end, lesson_description) VALUES (388, 5, 10, 5, 13, '2023-06-11 08:00:00', '2023-06-11 08:50:00', '-');
INSERT INTO university.schedule (id, user_id, course_id, group_id, classroom_id, lesson_start, lesson_end, lesson_description) VALUES (389, 4, 1, 5, 7, '2023-06-11 09:00:00', '2023-06-11 09:50:00', '-');
INSERT INTO university.schedule (id, user_id, course_id, group_id, classroom_id, lesson_start, lesson_end, lesson_description) VALUES (390, 5, 10, 5, 18, '2023-06-11 10:00:00', '2023-06-11 10:50:00', '-');
INSERT INTO university.schedule (id, user_id, course_id, group_id, classroom_id, lesson_start, lesson_end, lesson_description) VALUES (391, 4, 1, 5, 9, '2023-06-11 11:00:00', '2023-06-11 11:50:00', '-');
INSERT INTO university.schedule (id, user_id, course_id, group_id, classroom_id, lesson_start, lesson_end, lesson_description) VALUES (392, 3, 7, 5, 27, '2023-06-12 08:00:00', '2023-06-12 08:50:00', '-');
INSERT INTO university.schedule (id, user_id, course_id, group_id, classroom_id, lesson_start, lesson_end, lesson_description) VALUES (393, 5, 10, 5, 16, '2023-06-12 09:00:00', '2023-06-12 09:50:00', '-');
INSERT INTO university.schedule (id, user_id, course_id, group_id, classroom_id, lesson_start, lesson_end, lesson_description) VALUES (394, 3, 7, 5, 24, '2023-06-12 10:00:00', '2023-06-12 10:50:00', '-');
INSERT INTO university.schedule (id, user_id, course_id, group_id, classroom_id, lesson_start, lesson_end, lesson_description) VALUES (395, 5, 10, 5, 29, '2023-06-13 08:00:00', '2023-06-13 08:50:00', '-');
INSERT INTO university.schedule (id, user_id, course_id, group_id, classroom_id, lesson_start, lesson_end, lesson_description) VALUES (396, 3, 7, 5, 7, '2023-06-13 09:00:00', '2023-06-13 09:50:00', '-');
INSERT INTO university.schedule (id, user_id, course_id, group_id, classroom_id, lesson_start, lesson_end, lesson_description) VALUES (397, 4, 1, 5, 25, '2023-06-14 08:00:00', '2023-06-14 08:50:00', '-');
INSERT INTO university.schedule (id, user_id, course_id, group_id, classroom_id, lesson_start, lesson_end, lesson_description) VALUES (398, 5, 10, 5, 35, '2023-06-14 09:00:00', '2023-06-14 09:50:00', '-');
INSERT INTO university.schedule (id, user_id, course_id, group_id, classroom_id, lesson_start, lesson_end, lesson_description) VALUES (399, 4, 1, 5, 24, '2023-06-15 08:00:00', '2023-06-15 08:50:00', '-');
INSERT INTO university.schedule (id, user_id, course_id, group_id, classroom_id, lesson_start, lesson_end, lesson_description) VALUES (400, 4, 1, 5, 25, '2023-06-15 09:00:00', '2023-06-15 09:50:00', '-');
INSERT INTO university.schedule (id, user_id, course_id, group_id, classroom_id, lesson_start, lesson_end, lesson_description) VALUES (401, 3, 7, 5, 31, '2023-06-15 10:00:00', '2023-06-15 10:50:00', '-');
INSERT INTO university.schedule (id, user_id, course_id, group_id, classroom_id, lesson_start, lesson_end, lesson_description) VALUES (402, 4, 1, 5, 15, '2023-06-15 11:00:00', '2023-06-15 11:50:00', '-');
INSERT INTO university.schedule (id, user_id, course_id, group_id, classroom_id, lesson_start, lesson_end, lesson_description) VALUES (403, 3, 7, 5, 6, '2023-06-16 08:00:00', '2023-06-16 08:50:00', '-');
INSERT INTO university.schedule (id, user_id, course_id, group_id, classroom_id, lesson_start, lesson_end, lesson_description) VALUES (404, 5, 10, 5, 9, '2023-06-16 09:00:00', '2023-06-16 09:50:00', '-');
INSERT INTO university.schedule (id, user_id, course_id, group_id, classroom_id, lesson_start, lesson_end, lesson_description) VALUES (405, 4, 1, 5, 38, '2023-06-17 08:00:00', '2023-06-17 08:50:00', '-');
INSERT INTO university.schedule (id, user_id, course_id, group_id, classroom_id, lesson_start, lesson_end, lesson_description) VALUES (406, 3, 7, 5, 32, '2023-06-17 09:00:00', '2023-06-17 09:50:00', '-');
INSERT INTO university.schedule (id, user_id, course_id, group_id, classroom_id, lesson_start, lesson_end, lesson_description) VALUES (407, 5, 10, 5, 4, '2023-06-17 10:00:00', '2023-06-17 10:50:00', '-');
INSERT INTO university.schedule (id, user_id, course_id, group_id, classroom_id, lesson_start, lesson_end, lesson_description) VALUES (408, 3, 7, 5, 9, '2023-06-18 08:00:00', '2023-06-18 08:50:00', '-');
INSERT INTO university.schedule (id, user_id, course_id, group_id, classroom_id, lesson_start, lesson_end, lesson_description) VALUES (409, 3, 7, 5, 4, '2023-06-18 09:00:00', '2023-06-18 09:50:00', '-');
INSERT INTO university.schedule (id, user_id, course_id, group_id, classroom_id, lesson_start, lesson_end, lesson_description) VALUES (410, 4, 1, 5, 14, '2023-06-18 10:00:00', '2023-06-18 10:50:00', '-');
INSERT INTO university.schedule (id, user_id, course_id, group_id, classroom_id, lesson_start, lesson_end, lesson_description) VALUES (411, 5, 10, 5, 36, '2023-06-18 11:00:00', '2023-06-18 11:50:00', '-');
INSERT INTO university.schedule (id, user_id, course_id, group_id, classroom_id, lesson_start, lesson_end, lesson_description) VALUES (412, 4, 1, 5, 25, '2023-06-19 08:00:00', '2023-06-19 08:50:00', '-');
INSERT INTO university.schedule (id, user_id, course_id, group_id, classroom_id, lesson_start, lesson_end, lesson_description) VALUES (413, 3, 7, 5, 24, '2023-06-19 09:00:00', '2023-06-19 09:50:00', '-');
INSERT INTO university.schedule (id, user_id, course_id, group_id, classroom_id, lesson_start, lesson_end, lesson_description) VALUES (414, 3, 7, 5, 14, '2023-06-19 10:00:00', '2023-06-19 10:50:00', '-');
INSERT INTO university.schedule (id, user_id, course_id, group_id, classroom_id, lesson_start, lesson_end, lesson_description) VALUES (415, 4, 1, 5, 2, '2023-06-20 08:00:00', '2023-06-20 08:50:00', '-');
INSERT INTO university.schedule (id, user_id, course_id, group_id, classroom_id, lesson_start, lesson_end, lesson_description) VALUES (416, 5, 10, 5, 17, '2023-06-20 09:00:00', '2023-06-20 09:50:00', '-');
INSERT INTO university.schedule (id, user_id, course_id, group_id, classroom_id, lesson_start, lesson_end, lesson_description) VALUES (417, 3, 7, 5, 27, '2023-06-20 10:00:00', '2023-06-20 10:50:00', '-');
INSERT INTO university.schedule (id, user_id, course_id, group_id, classroom_id, lesson_start, lesson_end, lesson_description) VALUES (418, 5, 10, 5, 39, '2023-06-20 11:00:00', '2023-06-20 11:50:00', '-');
INSERT INTO university.schedule (id, user_id, course_id, group_id, classroom_id, lesson_start, lesson_end, lesson_description) VALUES (419, 4, 1, 5, 26, '2023-06-21 08:00:00', '2023-06-21 08:50:00', '-');
INSERT INTO university.schedule (id, user_id, course_id, group_id, classroom_id, lesson_start, lesson_end, lesson_description) VALUES (420, 3, 7, 5, 2, '2023-06-21 09:00:00', '2023-06-21 09:50:00', '-');
INSERT INTO university.schedule (id, user_id, course_id, group_id, classroom_id, lesson_start, lesson_end, lesson_description) VALUES (421, 4, 1, 5, 6, '2023-06-21 10:00:00', '2023-06-21 10:50:00', '-');
INSERT INTO university.schedule (id, user_id, course_id, group_id, classroom_id, lesson_start, lesson_end, lesson_description) VALUES (422, 3, 7, 5, 4, '2023-06-21 11:00:00', '2023-06-21 11:50:00', '-');
INSERT INTO university.schedule (id, user_id, course_id, group_id, classroom_id, lesson_start, lesson_end, lesson_description) VALUES (423, 4, 1, 5, 12, '2023-06-22 08:00:00', '2023-06-22 08:50:00', '-');
INSERT INTO university.schedule (id, user_id, course_id, group_id, classroom_id, lesson_start, lesson_end, lesson_description) VALUES (424, 3, 7, 5, 22, '2023-06-22 09:00:00', '2023-06-22 09:50:00', '-');
INSERT INTO university.schedule (id, user_id, course_id, group_id, classroom_id, lesson_start, lesson_end, lesson_description) VALUES (425, 3, 7, 5, 12, '2023-06-22 10:00:00', '2023-06-22 10:50:00', '-');
INSERT INTO university.schedule (id, user_id, course_id, group_id, classroom_id, lesson_start, lesson_end, lesson_description) VALUES (426, 5, 10, 5, 16, '2023-06-22 11:00:00', '2023-06-22 11:50:00', '-');
INSERT INTO university.schedule (id, user_id, course_id, group_id, classroom_id, lesson_start, lesson_end, lesson_description) VALUES (427, 5, 10, 5, 27, '2023-06-23 08:00:00', '2023-06-23 08:50:00', '-');
INSERT INTO university.schedule (id, user_id, course_id, group_id, classroom_id, lesson_start, lesson_end, lesson_description) VALUES (428, 5, 10, 5, 36, '2023-06-23 09:00:00', '2023-06-23 09:50:00', '-');
INSERT INTO university.schedule (id, user_id, course_id, group_id, classroom_id, lesson_start, lesson_end, lesson_description) VALUES (429, 3, 7, 5, 28, '2023-06-24 08:00:00', '2023-06-24 08:50:00', '-');
INSERT INTO university.schedule (id, user_id, course_id, group_id, classroom_id, lesson_start, lesson_end, lesson_description) VALUES (430, 5, 10, 5, 1, '2023-06-24 09:00:00', '2023-06-24 09:50:00', '-');
INSERT INTO university.schedule (id, user_id, course_id, group_id, classroom_id, lesson_start, lesson_end, lesson_description) VALUES (431, 5, 10, 5, 36, '2023-06-24 10:00:00', '2023-06-24 10:50:00', '-');
INSERT INTO university.schedule (id, user_id, course_id, group_id, classroom_id, lesson_start, lesson_end, lesson_description) VALUES (432, 3, 7, 5, 18, '2023-06-24 11:00:00', '2023-06-24 11:50:00', '-');
INSERT INTO university.schedule (id, user_id, course_id, group_id, classroom_id, lesson_start, lesson_end, lesson_description) VALUES (433, 4, 1, 5, 19, '2023-06-25 08:00:00', '2023-06-25 08:50:00', '-');
INSERT INTO university.schedule (id, user_id, course_id, group_id, classroom_id, lesson_start, lesson_end, lesson_description) VALUES (434, 5, 10, 5, 17, '2023-06-25 09:00:00', '2023-06-25 09:50:00', '-');
INSERT INTO university.schedule (id, user_id, course_id, group_id, classroom_id, lesson_start, lesson_end, lesson_description) VALUES (435, 5, 10, 5, 12, '2023-06-25 10:00:00', '2023-06-25 10:50:00', '-');
INSERT INTO university.schedule (id, user_id, course_id, group_id, classroom_id, lesson_start, lesson_end, lesson_description) VALUES (436, 5, 10, 5, 18, '2023-06-25 11:00:00', '2023-06-25 11:50:00', '-');
INSERT INTO university.schedule (id, user_id, course_id, group_id, classroom_id, lesson_start, lesson_end, lesson_description) VALUES (437, 4, 1, 5, 19, '2023-06-26 08:00:00', '2023-06-26 08:50:00', '-');
INSERT INTO university.schedule (id, user_id, course_id, group_id, classroom_id, lesson_start, lesson_end, lesson_description) VALUES (438, 3, 7, 5, 20, '2023-06-26 09:00:00', '2023-06-26 09:50:00', '-');
INSERT INTO university.schedule (id, user_id, course_id, group_id, classroom_id, lesson_start, lesson_end, lesson_description) VALUES (439, 3, 7, 5, 10, '2023-06-26 10:00:00', '2023-06-26 10:50:00', '-');
INSERT INTO university.schedule (id, user_id, course_id, group_id, classroom_id, lesson_start, lesson_end, lesson_description) VALUES (440, 5, 10, 5, 29, '2023-06-27 08:00:00', '2023-06-27 08:50:00', '-');
INSERT INTO university.schedule (id, user_id, course_id, group_id, classroom_id, lesson_start, lesson_end, lesson_description) VALUES (441, 3, 7, 5, 20, '2023-06-27 09:00:00', '2023-06-27 09:50:00', '-');
INSERT INTO university.schedule (id, user_id, course_id, group_id, classroom_id, lesson_start, lesson_end, lesson_description) VALUES (442, 3, 7, 5, 10, '2023-06-27 10:00:00', '2023-06-27 10:50:00', '-');
INSERT INTO university.schedule (id, user_id, course_id, group_id, classroom_id, lesson_start, lesson_end, lesson_description) VALUES (443, 3, 7, 5, 21, '2023-06-28 08:00:00', '2023-06-28 08:50:00', '-');
INSERT INTO university.schedule (id, user_id, course_id, group_id, classroom_id, lesson_start, lesson_end, lesson_description) VALUES (444, 3, 7, 5, 10, '2023-06-28 09:00:00', '2023-06-28 09:50:00', '-');
INSERT INTO university.schedule (id, user_id, course_id, group_id, classroom_id, lesson_start, lesson_end, lesson_description) VALUES (445, 3, 7, 5, 15, '2023-06-28 10:00:00', '2023-06-28 10:50:00', '-');
INSERT INTO university.schedule (id, user_id, course_id, group_id, classroom_id, lesson_start, lesson_end, lesson_description) VALUES (446, 3, 7, 5, 20, '2023-06-28 11:00:00', '2023-06-28 11:50:00', '-');
INSERT INTO university.schedule (id, user_id, course_id, group_id, classroom_id, lesson_start, lesson_end, lesson_description) VALUES (447, 3, 7, 5, 23, '2023-06-29 08:00:00', '2023-06-29 08:50:00', '-');
INSERT INTO university.schedule (id, user_id, course_id, group_id, classroom_id, lesson_start, lesson_end, lesson_description) VALUES (448, 4, 1, 5, 16, '2023-06-29 09:00:00', '2023-06-29 09:50:00', '-');
INSERT INTO university.schedule (id, user_id, course_id, group_id, classroom_id, lesson_start, lesson_end, lesson_description) VALUES (449, 4, 1, 5, 6, '2023-06-29 10:00:00', '2023-06-29 10:50:00', '-');
INSERT INTO university.schedule (id, user_id, course_id, group_id, classroom_id, lesson_start, lesson_end, lesson_description) VALUES (450, 5, 10, 5, 26, '2023-06-29 11:00:00', '2023-06-29 11:50:00', '-');
INSERT INTO university.schedule (id, user_id, course_id, group_id, classroom_id, lesson_start, lesson_end, lesson_description) VALUES (451, 5, 10, 5, 37, '2023-06-30 08:00:00', '2023-06-30 08:50:00', '-');
INSERT INTO university.schedule (id, user_id, course_id, group_id, classroom_id, lesson_start, lesson_end, lesson_description) VALUES (452, 4, 1, 5, 33, '2023-06-30 09:00:00', '2023-06-30 09:50:00', '-');
INSERT INTO university.schedule (id, user_id, course_id, group_id, classroom_id, lesson_start, lesson_end, lesson_description) VALUES (453, 4, 1, 5, 6, '2023-06-30 10:00:00', '2023-06-30 10:50:00', '-');
INSERT INTO university.schedule (id, user_id, course_id, group_id, classroom_id, lesson_start, lesson_end, lesson_description) VALUES (454, 5, 10, 5, 15, '2023-07-01 08:00:00', '2023-07-01 08:50:00', '-');
INSERT INTO university.schedule (id, user_id, course_id, group_id, classroom_id, lesson_start, lesson_end, lesson_description) VALUES (455, 5, 10, 5, 36, '2023-07-01 09:00:00', '2023-07-01 09:50:00', '-');
INSERT INTO university.schedule (id, user_id, course_id, group_id, classroom_id, lesson_start, lesson_end, lesson_description) VALUES (456, 3, 7, 5, 25, '2023-07-02 08:00:00', '2023-07-02 08:50:00', '-');
INSERT INTO university.schedule (id, user_id, course_id, group_id, classroom_id, lesson_start, lesson_end, lesson_description) VALUES (457, 5, 10, 5, 12, '2023-07-02 09:00:00', '2023-07-02 09:50:00', '-');
INSERT INTO university.schedule (id, user_id, course_id, group_id, classroom_id, lesson_start, lesson_end, lesson_description) VALUES (458, 3, 7, 5, 22, '2023-07-02 10:00:00', '2023-07-02 10:50:00', '-');
INSERT INTO university.schedule (id, user_id, course_id, group_id, classroom_id, lesson_start, lesson_end, lesson_description) VALUES (459, 5, 10, 5, 13, '2023-07-03 08:00:00', '2023-07-03 08:50:00', '-');
INSERT INTO university.schedule (id, user_id, course_id, group_id, classroom_id, lesson_start, lesson_end, lesson_description) VALUES (460, 4, 1, 5, 24, '2023-07-03 09:00:00', '2023-07-03 09:50:00', '-');
INSERT INTO university.schedule (id, user_id, course_id, group_id, classroom_id, lesson_start, lesson_end, lesson_description) VALUES (461, 5, 10, 5, 9, '2023-07-03 10:00:00', '2023-07-03 10:50:00', '-');
INSERT INTO university.schedule (id, user_id, course_id, group_id, classroom_id, lesson_start, lesson_end, lesson_description) VALUES (462, 3, 7, 5, 9, '2023-07-03 11:00:00', '2023-07-03 11:50:00', '-');
INSERT INTO university.schedule (id, user_id, course_id, group_id, classroom_id, lesson_start, lesson_end, lesson_description) VALUES (463, 3, 7, 5, 13, '2023-07-04 08:00:00', '2023-07-04 08:50:00', '-');
INSERT INTO university.schedule (id, user_id, course_id, group_id, classroom_id, lesson_start, lesson_end, lesson_description) VALUES (464, 4, 1, 5, 35, '2023-07-04 09:00:00', '2023-07-04 09:50:00', '-');
INSERT INTO university.schedule (id, user_id, course_id, group_id, classroom_id, lesson_start, lesson_end, lesson_description) VALUES (465, 3, 7, 5, 16, '2023-07-04 10:00:00', '2023-07-04 10:50:00', '-');
INSERT INTO university.schedule (id, user_id, course_id, group_id, classroom_id, lesson_start, lesson_end, lesson_description) VALUES (466, 4, 1, 5, 25, '2023-07-04 11:00:00', '2023-07-04 11:50:00', '-');
INSERT INTO university.schedule (id, user_id, course_id, group_id, classroom_id, lesson_start, lesson_end, lesson_description) VALUES (467, 3, 7, 5, 38, '2023-07-05 08:00:00', '2023-07-05 08:50:00', '-');
INSERT INTO university.schedule (id, user_id, course_id, group_id, classroom_id, lesson_start, lesson_end, lesson_description) VALUES (468, 4, 1, 5, 22, '2023-07-05 09:00:00', '2023-07-05 09:50:00', '-');
INSERT INTO university.schedule (id, user_id, course_id, group_id, classroom_id, lesson_start, lesson_end, lesson_description) VALUES (469, 3, 7, 5, 17, '2023-07-05 10:00:00', '2023-07-05 10:50:00', '-');
INSERT INTO university.schedule (id, user_id, course_id, group_id, classroom_id, lesson_start, lesson_end, lesson_description) VALUES (470, 5, 10, 5, 35, '2023-07-05 11:00:00', '2023-07-05 11:50:00', '-');
INSERT INTO university.schedule (id, user_id, course_id, group_id, classroom_id, lesson_start, lesson_end, lesson_description) VALUES (471, 3, 7, 5, 18, '2023-07-06 08:00:00', '2023-07-06 08:50:00', '-');
INSERT INTO university.schedule (id, user_id, course_id, group_id, classroom_id, lesson_start, lesson_end, lesson_description) VALUES (472, 3, 7, 5, 38, '2023-07-06 09:00:00', '2023-07-06 09:50:00', '-');
INSERT INTO university.schedule (id, user_id, course_id, group_id, classroom_id, lesson_start, lesson_end, lesson_description) VALUES (473, 4, 1, 5, 4, '2023-07-06 10:00:00', '2023-07-06 10:50:00', '-');
INSERT INTO university.schedule (id, user_id, course_id, group_id, classroom_id, lesson_start, lesson_end, lesson_description) VALUES (474, 3, 7, 5, 36, '2023-07-07 08:00:00', '2023-07-07 08:50:00', '-');
INSERT INTO university.schedule (id, user_id, course_id, group_id, classroom_id, lesson_start, lesson_end, lesson_description) VALUES (475, 5, 10, 5, 24, '2023-07-07 09:00:00', '2023-07-07 09:50:00', '-');
INSERT INTO university.schedule (id, user_id, course_id, group_id, classroom_id, lesson_start, lesson_end, lesson_description) VALUES (476, 5, 10, 5, 7, '2023-07-07 10:00:00', '2023-07-07 10:50:00', '-');
INSERT INTO university.schedule (id, user_id, course_id, group_id, classroom_id, lesson_start, lesson_end, lesson_description) VALUES (477, 3, 7, 5, 1, '2023-07-07 11:00:00', '2023-07-07 11:50:00', '-');
